-- phpMyAdmin SQL Dump
-- version 5.2.1
-- https://www.phpmyadmin.net/
--
-- Host: 127.0.0.1
-- Generation Time: Lis 29, 2024 at 10:42 PM
-- Wersja serwera: 10.4.32-MariaDB
-- Wersja PHP: 8.2.12

SET SQL_MODE = "NO_AUTO_VALUE_ON_ZERO";
START TRANSACTION;
SET time_zone = "+00:00";


/*!40101 SET @OLD_CHARACTER_SET_CLIENT=@@CHARACTER_SET_CLIENT */;
/*!40101 SET @OLD_CHARACTER_SET_RESULTS=@@CHARACTER_SET_RESULTS */;
/*!40101 SET @OLD_COLLATION_CONNECTION=@@COLLATION_CONNECTION */;
/*!40101 SET NAMES utf8mb4 */;

--
-- Database: `srf`
--

-- --------------------------------------------------------

--
-- Struktura tabeli dla tabeli `auth_group`
--

CREATE TABLE `auth_group` (
  `id` int(11) NOT NULL,
  `name` varchar(150) NOT NULL
) ENGINE=InnoDB DEFAULT CHARSET=utf8mb4 COLLATE=utf8mb4_general_ci;

-- --------------------------------------------------------

--
-- Struktura tabeli dla tabeli `auth_group_permissions`
--

CREATE TABLE `auth_group_permissions` (
  `id` bigint(20) NOT NULL,
  `group_id` int(11) NOT NULL,
  `permission_id` int(11) NOT NULL
) ENGINE=InnoDB DEFAULT CHARSET=utf8mb4 COLLATE=utf8mb4_general_ci;

-- --------------------------------------------------------

--
-- Struktura tabeli dla tabeli `auth_permission`
--

CREATE TABLE `auth_permission` (
  `id` int(11) NOT NULL,
  `name` varchar(255) NOT NULL,
  `content_type_id` int(11) NOT NULL,
  `codename` varchar(100) NOT NULL
) ENGINE=InnoDB DEFAULT CHARSET=utf8mb4 COLLATE=utf8mb4_general_ci;

--
-- Dumping data for table `auth_permission`
--

INSERT INTO `auth_permission` (`id`, `name`, `content_type_id`, `codename`) VALUES
(1, 'Can add log entry', 1, 'add_logentry'),
(2, 'Can change log entry', 1, 'change_logentry'),
(3, 'Can delete log entry', 1, 'delete_logentry'),
(4, 'Can view log entry', 1, 'view_logentry'),
(5, 'Can add permission', 2, 'add_permission'),
(6, 'Can change permission', 2, 'change_permission'),
(7, 'Can delete permission', 2, 'delete_permission'),
(8, 'Can view permission', 2, 'view_permission'),
(9, 'Can add group', 3, 'add_group'),
(10, 'Can change group', 3, 'change_group'),
(11, 'Can delete group', 3, 'delete_group'),
(12, 'Can view group', 3, 'view_group'),
(13, 'Can add user', 4, 'add_user'),
(14, 'Can change user', 4, 'change_user'),
(15, 'Can delete user', 4, 'delete_user'),
(16, 'Can view user', 4, 'view_user'),
(17, 'Can add content type', 5, 'add_contenttype'),
(18, 'Can change content type', 5, 'change_contenttype'),
(19, 'Can delete content type', 5, 'delete_contenttype'),
(20, 'Can view content type', 5, 'view_contenttype'),
(21, 'Can add session', 6, 'add_session'),
(22, 'Can change session', 6, 'change_session'),
(23, 'Can delete session', 6, 'delete_session'),
(24, 'Can view session', 6, 'view_session'),
(25, 'Can add cast member', 7, 'add_castmember'),
(26, 'Can change cast member', 7, 'change_castmember'),
(27, 'Can delete cast member', 7, 'delete_castmember'),
(28, 'Can view cast member', 7, 'view_castmember'),
(29, 'Can add director', 8, 'add_director'),
(30, 'Can change director', 8, 'change_director'),
(31, 'Can delete director', 8, 'delete_director'),
(32, 'Can view director', 8, 'view_director'),
(33, 'Can add genre', 9, 'add_genre'),
(34, 'Can change genre', 9, 'change_genre'),
(35, 'Can delete genre', 9, 'delete_genre'),
(36, 'Can view genre', 9, 'view_genre'),
(37, 'Can add keyword', 10, 'add_keyword'),
(38, 'Can change keyword', 10, 'change_keyword'),
(39, 'Can delete keyword', 10, 'delete_keyword'),
(40, 'Can view keyword', 10, 'view_keyword'),
(41, 'Can add movie', 11, 'add_movie'),
(42, 'Can change movie', 11, 'change_movie'),
(43, 'Can delete movie', 11, 'delete_movie'),
(44, 'Can view movie', 11, 'view_movie'),
(45, 'Can add rating', 12, 'add_rating'),
(46, 'Can change rating', 12, 'change_rating'),
(47, 'Can delete rating', 12, 'delete_rating'),
(48, 'Can view rating', 12, 'view_rating'),
(49, 'Can add favorite movie', 13, 'add_favoritemovie'),
(50, 'Can change favorite movie', 13, 'change_favoritemovie'),
(51, 'Can delete favorite movie', 13, 'delete_favoritemovie'),
(52, 'Can view favorite movie', 13, 'view_favoritemovie'),
(53, 'Can add recommendation feedback', 14, 'add_recommendationfeedback'),
(54, 'Can change recommendation feedback', 14, 'change_recommendationfeedback'),
(55, 'Can delete recommendation feedback', 14, 'delete_recommendationfeedback'),
(56, 'Can view recommendation feedback', 14, 'view_recommendationfeedback');

-- --------------------------------------------------------

--
-- Struktura tabeli dla tabeli `auth_user`
--

CREATE TABLE `auth_user` (
  `id` int(11) NOT NULL,
  `password` varchar(128) NOT NULL,
  `last_login` datetime(6) DEFAULT NULL,
  `is_superuser` tinyint(1) NOT NULL,
  `username` varchar(150) NOT NULL,
  `first_name` varchar(150) NOT NULL,
  `last_name` varchar(150) NOT NULL,
  `email` varchar(254) NOT NULL,
  `is_staff` tinyint(1) NOT NULL,
  `is_active` tinyint(1) NOT NULL,
  `date_joined` datetime(6) NOT NULL
) ENGINE=InnoDB DEFAULT CHARSET=utf8mb4 COLLATE=utf8mb4_general_ci;

--
-- Dumping data for table `auth_user`
--

INSERT INTO `auth_user` (`id`, `password`, `last_login`, `is_superuser`, `username`, `first_name`, `last_name`, `email`, `is_staff`, `is_active`, `date_joined`) VALUES
(1, '', NULL, 0, 'user1', '', '', '', 0, 1, '2024-11-29 21:47:11.000000'),
(2, '', NULL, 0, 'user2', '', '', '', 0, 1, '2024-11-29 21:47:11.000000'),
(3, '', NULL, 0, 'user3', '', '', '', 0, 1, '2024-11-29 21:47:11.000000'),
(4, '', NULL, 0, 'user4', '', '', '', 0, 1, '2024-11-29 21:47:11.000000'),
(5, '', NULL, 0, 'user5', '', '', '', 0, 1, '2024-11-29 21:47:11.000000'),
(6, '', NULL, 0, 'user6', '', '', '', 0, 1, '2024-11-29 21:47:11.000000'),
(7, '', NULL, 0, 'user7', '', '', '', 0, 1, '2024-11-29 21:47:11.000000'),
(8, '', NULL, 0, 'user8', '', '', '', 0, 1, '2024-11-29 21:47:11.000000'),
(9, '', NULL, 0, 'user9', '', '', '', 0, 1, '2024-11-29 21:47:11.000000'),
(10, '', NULL, 0, 'user10', '', '', '', 0, 1, '2024-11-29 21:47:11.000000'),
(11, '', NULL, 0, 'user11', '', '', '', 0, 1, '2024-11-29 21:47:11.000000'),
(12, '', NULL, 0, 'user12', '', '', '', 0, 1, '2024-11-29 21:47:11.000000'),
(13, '', NULL, 0, 'user13', '', '', '', 0, 1, '2024-11-29 21:47:11.000000'),
(14, '', NULL, 0, 'user14', '', '', '', 0, 1, '2024-11-29 21:47:11.000000'),
(15, '', NULL, 0, 'user15', '', '', '', 0, 1, '2024-11-29 21:47:11.000000'),
(16, '', NULL, 0, 'user16', '', '', '', 0, 1, '2024-11-29 21:47:11.000000'),
(17, '', NULL, 0, 'user17', '', '', '', 0, 1, '2024-11-29 21:47:11.000000'),
(18, '', NULL, 0, 'user18', '', '', '', 0, 1, '2024-11-29 21:47:11.000000'),
(19, '', NULL, 0, 'user19', '', '', '', 0, 1, '2024-11-29 21:47:11.000000'),
(20, '', NULL, 0, 'user20', '', '', '', 0, 1, '2024-11-29 21:47:11.000000'),
(21, 'anonymous', NULL, 0, 'Anonymous', '', '', '', 0, 1, '2024-11-29 21:03:03.517466'),
(22, 'pbkdf2_sha256$600000$3Ef2OOm4XC8TPVT1hx613L$o/nQlNz0+8/bGYFP4JxGg+e9S88fJFB/DU+5UHR8Cvg=', '2024-11-29 21:03:37.002692', 0, 'test', '', '', 'test@test.pl', 0, 1, '2024-11-29 21:03:29.125458');

-- --------------------------------------------------------

--
-- Struktura tabeli dla tabeli `auth_user_groups`
--

CREATE TABLE `auth_user_groups` (
  `id` bigint(20) NOT NULL,
  `user_id` int(11) NOT NULL,
  `group_id` int(11) NOT NULL
) ENGINE=InnoDB DEFAULT CHARSET=utf8mb4 COLLATE=utf8mb4_general_ci;

-- --------------------------------------------------------

--
-- Struktura tabeli dla tabeli `auth_user_user_permissions`
--

CREATE TABLE `auth_user_user_permissions` (
  `id` bigint(20) NOT NULL,
  `user_id` int(11) NOT NULL,
  `permission_id` int(11) NOT NULL
) ENGINE=InnoDB DEFAULT CHARSET=utf8mb4 COLLATE=utf8mb4_general_ci;

-- --------------------------------------------------------

--
-- Struktura tabeli dla tabeli `django_admin_log`
--

CREATE TABLE `django_admin_log` (
  `id` int(11) NOT NULL,
  `action_time` datetime(6) NOT NULL,
  `object_id` longtext DEFAULT NULL,
  `object_repr` varchar(200) NOT NULL,
  `action_flag` smallint(5) UNSIGNED NOT NULL,
  `change_message` longtext NOT NULL,
  `content_type_id` int(11) DEFAULT NULL,
  `user_id` int(11) NOT NULL
) ENGINE=InnoDB DEFAULT CHARSET=utf8mb4 COLLATE=utf8mb4_general_ci;

-- --------------------------------------------------------

--
-- Struktura tabeli dla tabeli `django_content_type`
--

CREATE TABLE `django_content_type` (
  `id` int(11) NOT NULL,
  `app_label` varchar(100) NOT NULL,
  `model` varchar(100) NOT NULL
) ENGINE=InnoDB DEFAULT CHARSET=utf8mb4 COLLATE=utf8mb4_general_ci;

--
-- Dumping data for table `django_content_type`
--

INSERT INTO `django_content_type` (`id`, `app_label`, `model`) VALUES
(1, 'admin', 'logentry'),
(3, 'auth', 'group'),
(2, 'auth', 'permission'),
(4, 'auth', 'user'),
(5, 'contenttypes', 'contenttype'),
(7, 'movies', 'castmember'),
(8, 'movies', 'director'),
(13, 'movies', 'favoritemovie'),
(9, 'movies', 'genre'),
(10, 'movies', 'keyword'),
(11, 'movies', 'movie'),
(12, 'movies', 'rating'),
(14, 'movies', 'recommendationfeedback'),
(6, 'sessions', 'session');

-- --------------------------------------------------------

--
-- Struktura tabeli dla tabeli `django_migrations`
--

CREATE TABLE `django_migrations` (
  `id` bigint(20) NOT NULL,
  `app` varchar(255) NOT NULL,
  `name` varchar(255) NOT NULL,
  `applied` datetime(6) NOT NULL
) ENGINE=InnoDB DEFAULT CHARSET=utf8mb4 COLLATE=utf8mb4_general_ci;

--
-- Dumping data for table `django_migrations`
--

INSERT INTO `django_migrations` (`id`, `app`, `name`, `applied`) VALUES
(1, 'contenttypes', '0001_initial', '2024-11-18 23:09:51.118258'),
(2, 'auth', '0001_initial', '2024-11-18 23:09:52.155105'),
(3, 'admin', '0001_initial', '2024-11-18 23:09:52.453568'),
(4, 'admin', '0002_logentry_remove_auto_add', '2024-11-18 23:09:52.461148'),
(5, 'admin', '0003_logentry_add_action_flag_choices', '2024-11-18 23:09:52.468487'),
(6, 'contenttypes', '0002_remove_content_type_name', '2024-11-18 23:09:52.565616'),
(7, 'auth', '0002_alter_permission_name_max_length', '2024-11-18 23:09:52.708582'),
(8, 'auth', '0003_alter_user_email_max_length', '2024-11-18 23:09:52.729616'),
(9, 'auth', '0004_alter_user_username_opts', '2024-11-18 23:09:52.738582'),
(10, 'auth', '0005_alter_user_last_login_null', '2024-11-18 23:09:52.814043'),
(11, 'auth', '0006_require_contenttypes_0002', '2024-11-18 23:09:52.816041'),
(12, 'auth', '0007_alter_validators_add_error_messages', '2024-11-18 23:09:52.823041'),
(13, 'auth', '0008_alter_user_username_max_length', '2024-11-18 23:09:52.835075'),
(14, 'auth', '0009_alter_user_last_name_max_length', '2024-11-18 23:09:52.846041'),
(15, 'auth', '0010_alter_group_name_max_length', '2024-11-18 23:09:52.858042'),
(16, 'auth', '0011_update_proxy_permissions', '2024-11-18 23:09:52.867649'),
(17, 'auth', '0012_alter_user_first_name_max_length', '2024-11-18 23:09:52.879658'),
(18, 'movies', '0001_initial', '2024-11-18 23:09:54.624399'),
(19, 'sessions', '0001_initial', '2024-11-18 23:09:54.642433'),
(20, 'movies', '0002_recommendationfeedback', '2024-11-29 19:20:00.539451'),
(21, 'movies', '0003_alter_movie_cast_alter_movie_directors_and_more', '2024-11-29 20:03:53.470285'),
(22, 'movies', '0004_rating_timestamp_alter_rating_comment', '2024-11-29 20:59:53.900882');

-- --------------------------------------------------------

--
-- Struktura tabeli dla tabeli `django_session`
--

CREATE TABLE `django_session` (
  `session_key` varchar(40) NOT NULL,
  `session_data` longtext NOT NULL,
  `expire_date` datetime(6) NOT NULL
) ENGINE=InnoDB DEFAULT CHARSET=utf8mb4 COLLATE=utf8mb4_general_ci;

--
-- Dumping data for table `django_session`
--

INSERT INTO `django_session` (`session_key`, `session_data`, `expire_date`) VALUES
('27ioittokwi498gbxhrlqqjgap105lq2', 'eyJyZWNvbW1lbmRhdGlvbl9pZHMiOlsxNDksNjYsMTU4LDcsNjNdfQ:1tH8kA:kYQNMZdlVt5GkHlKe3Mk82amBmnIEEt6gLU9ZsTbIKc', '2024-12-13 21:41:42.319375');

-- --------------------------------------------------------

--
-- Struktura tabeli dla tabeli `movies_castmember`
--

CREATE TABLE `movies_castmember` (
  `id` bigint(20) NOT NULL,
  `name` varchar(255) NOT NULL
) ENGINE=InnoDB DEFAULT CHARSET=utf8mb4 COLLATE=utf8mb4_general_ci;

--
-- Dumping data for table `movies_castmember`
--

INSERT INTO `movies_castmember` (`id`, `name`) VALUES
(1, 'Cara Gee'),
(2, 'Peter Mooney'),
(3, 'Aaron Abrams'),
(4, 'David Hewlett'),
(5, 'Amanda Tapping'),
(6, 'Kumail Nanjiani'),
(7, 'Elizabeth Banks'),
(8, 'Caspar Jennings'),
(9, 'Tresi Gazal'),
(10, 'Awkwafina'),
(11, 'Dylan O\'Brien'),
(12, 'Kaya Scodelario'),
(13, 'Aml Ameen'),
(14, 'Thomas Brodie-Sangster'),
(15, 'Ki Hong Lee'),
(16, 'Annouck Hautbois'),
(17, 'Benjamin Bollen'),
(18, 'Marie Nonnenmacher'),
(19, 'Thierry Kazazian'),
(20, 'Fanny Bloc'),
(21, 'Bill Skarsgård'),
(22, 'FKA twigs'),
(23, 'Danny Huston'),
(24, 'Josette Simon'),
(25, 'Laura Birn'),
(26, 'Steve Carell'),
(27, 'Kristen Wiig'),
(28, 'Will Ferrell'),
(29, 'Sofía Vergara'),
(30, 'Miranda Cosgrove'),
(31, 'Robert Downey Jr.'),
(32, 'Chris Evans'),
(33, 'Chris Hemsworth'),
(34, 'Josh Brolin'),
(35, 'Mark Ruffalo'),
(36, 'Sophie Thatcher'),
(37, 'Chloe East'),
(38, 'Hugh Grant'),
(39, 'Topher Grace'),
(40, 'Elle Young'),
(41, 'Josephine Bornebusch'),
(42, 'Pål Sverre Hagen'),
(43, 'Sigrid Johnson'),
(44, 'Olle Tikkakoski Lundström'),
(45, 'Leon Mentori'),
(46, 'Ben Schwartz'),
(47, 'James Marsden'),
(48, 'Tika Sumpter'),
(49, 'Colleen O\'Shaughnessey'),
(50, 'Idris Elba'),
(51, 'Madison Bailey'),
(52, 'Antonia Gentry'),
(53, 'Griffin Gluck'),
(54, 'Megan Best'),
(55, 'Michael Shanks'),
(56, 'Jay Baruchel'),
(57, 'America Ferrera'),
(58, 'F. Murray Abraham'),
(59, 'Cate Blanchett'),
(60, 'Gerard Butler'),
(61, 'Ryan Reynolds'),
(62, 'Hugh Jackman'),
(63, 'Emma Corrin'),
(64, 'Matthew Macfadyen'),
(65, 'Dafne Keen'),
(66, 'Owen Teague'),
(67, 'Freya Allan'),
(68, 'Kevin Durand'),
(69, 'Peter Macon'),
(70, 'William H. Macy'),
(71, 'Pablo Martínez'),
(72, 'Lucas Caballero'),
(73, 'Rafael Alfaro'),
(74, 'Lara Chamorro'),
(75, 'Andy Romero'),
(76, 'Keanu Reeves'),
(77, 'Donnie Yen'),
(78, 'Ian McShane'),
(79, 'Laurence Fishburne'),
(80, 'Lacey Chabert'),
(81, 'Dustin Milligan'),
(82, 'Craig Robinson'),
(83, 'Joe Lo Truglio'),
(84, 'Katy Mixon'),
(85, 'Arthur Beschastny'),
(86, 'Maryana Spivak'),
(87, 'Sofya Shidlovskaya'),
(88, 'Igor Grabuzov'),
(89, 'Sergey Safronov'),
(90, 'Kathryn Bernardo'),
(91, 'Alden Richards'),
(92, 'Joross Gamboa'),
(93, 'Valerie Concepcion'),
(94, 'Kevin Kreider'),
(95, 'Lupita Nyong\'o'),
(96, 'Joseph Quinn'),
(97, 'Alex Wolff'),
(98, 'Djimon Hounsou'),
(99, 'Eliane Umuhire'),
(100, 'Margot Robbie'),
(101, 'Ryan Gosling'),
(102, 'Ariana Greenblatt'),
(103, 'Issa Rae'),
(104, 'Emma Watson'),
(105, 'Dan Stevens'),
(106, 'Luke Evans'),
(107, 'Josh Gad'),
(108, 'Kevin Kline'),
(109, 'Matthew McConaughey'),
(110, 'Tori Kelly'),
(111, 'Nick Kroll'),
(112, 'Scarlett Johansson'),
(113, 'Taron Egerton'),
(114, 'Chris Pratt'),
(115, 'Anya Taylor-Joy'),
(116, 'Charlie Day'),
(117, 'Jack Black'),
(118, 'Keegan-Michael Key'),
(119, 'Leonardo DiCaprio'),
(120, 'Kate Winslet'),
(121, 'Billy Zane'),
(122, 'Kathy Bates'),
(123, 'Frances Fisher'),
(124, 'Rachel Zegler'),
(125, 'Miguel Bernardeau'),
(126, 'Giovanna Bush'),
(127, 'Dennis Stowe'),
(128, 'Jenifer Lewis'),
(129, 'Megan Fox'),
(130, 'Michele Morrone'),
(131, 'Madeline Zima'),
(132, 'Matilda Firth'),
(133, 'Andrew Whipp'),
(134, 'Debora Caprioglio'),
(135, 'Stéphane Bonnet'),
(136, 'Stéphane Ferrara'),
(137, 'Martine Brochard'),
(138, 'Luigi Laezza'),
(139, 'Anthony Gonzalez'),
(140, 'Gael García Bernal'),
(141, 'Benjamin Bratt'),
(142, 'Alanna Ubach'),
(143, 'Renee Victor'),
(144, 'Russell Crowe'),
(145, 'Joaquin Phoenix'),
(146, 'Connie Nielsen'),
(147, 'Oliver Reed'),
(148, 'Richard Harris'),
(149, 'Tom Hardy'),
(150, 'Michelle Williams'),
(151, 'Riz Ahmed'),
(152, 'Scott Haze'),
(153, 'Reid Scott'),
(154, 'Mille Dinesen'),
(155, 'Lars Ranthe'),
(156, 'Katinka Lærke Petersen'),
(157, 'Kasper Dalsgaard'),
(158, 'Thomas Bo Larsen'),
(159, 'Harrison Ford'),
(160, 'Ana de Armas'),
(161, 'Dave Bautista'),
(162, 'Robin Wright'),
(163, 'Samara Weaving'),
(164, 'Vic Carmen Sonne'),
(165, 'Katariina Unt'),
(166, 'Peter Christoffersen'),
(167, 'Nathan Stewart-Jarrett'),
(168, 'Liam Neeson'),
(169, 'Ron Perlman'),
(170, 'Yolonda Ross'),
(171, 'Frankie Shaw'),
(172, 'Daniel Diemer'),
(173, 'Anna-Maria Sieklucka'),
(174, 'Simone Susinna'),
(175, 'Magdalena Lamparska'),
(176, 'Otar Saralidze'),
(177, 'Judy Garland'),
(178, 'Frank Morgan'),
(179, 'Ray Bolger'),
(180, 'Bert Lahr'),
(181, 'Jack Haley'),
(182, 'Elijah Wood'),
(183, 'Ian McKellen'),
(184, 'Viggo Mortensen'),
(185, 'Sean Astin'),
(186, 'Ian Holm'),
(187, 'Kevin Hart'),
(188, 'Edgar Ramírez'),
(189, 'Jamie Lee Curtis'),
(190, 'Andy Serkis'),
(191, 'Lee Sun-kyun'),
(192, 'Ju Ji-hoon'),
(193, 'Kim Hee-won'),
(194, 'Moon Sung-keun'),
(195, 'Ye Su-jeong'),
(196, 'Ryan Phillippe'),
(197, 'Emile Hirsch'),
(198, 'Mena Suvari'),
(199, 'Dylan Flashner'),
(200, 'Tristan Thompson'),
(201, 'Tom Arnold'),
(202, 'Tania Fox'),
(203, 'Jolene Anderson'),
(204, 'Andrew Rogers'),
(205, 'Mica Javier'),
(206, 'Milena Smit'),
(207, 'Hovik Keuchkerian'),
(208, 'Natalia Tena'),
(209, 'Óscar Jaenada'),
(210, 'Ivan Massagué'),
(211, 'Rushia Santô'),
(212, 'Rina Oka'),
(213, 'Kyôko Sagami'),
(214, 'Toshiyuki Kitami'),
(215, 'Toru Nakane'),
(216, 'Cillian Murphy'),
(217, 'Emily Blunt'),
(218, 'Matt Damon'),
(219, 'Florence Pugh'),
(220, 'Seung Ha'),
(221, 'Han Yi-seul'),
(222, 'Min Do-yoon'),
(223, 'Kang Min-woo'),
(224, 'Alex-I'),
(225, 'Aaron Pierre'),
(226, 'Kelvin Harrison Jr.'),
(227, 'Tiffany Boone'),
(228, 'Kagiso Lediga'),
(229, 'Preston Nyman'),
(230, 'Daiki Yamashita'),
(231, 'Nobuhiko Okamoto'),
(232, 'Yuki Kaji'),
(233, 'Mamoru Miyano'),
(234, 'Meru Nukumi'),
(235, 'Robert Timothy Smith'),
(236, 'Brianne Howey'),
(237, 'Hayes MacArthur'),
(238, 'Zachary Levi'),
(239, 'Lil Rel Howery'),
(240, 'Zooey Deschanel'),
(241, 'Benjamin Bottani'),
(242, 'Tanya Reynolds'),
(243, 'Tito Ortiz'),
(244, 'Cristiane Justino'),
(245, 'Mike Ferguson'),
(246, 'Kelsey Johnson'),
(247, 'Mike Markoff'),
(248, 'Pedro Pascal'),
(249, 'Kit Connor'),
(250, 'Bill Nighy'),
(251, 'Stephanie Hsu'),
(252, 'Elliott Heffernan'),
(253, 'Saoirse Ronan'),
(254, 'Harris Dickinson'),
(255, 'Benjamin Clémentine'),
(256, 'Kathy Burke'),
(257, 'Christine Bermas'),
(258, 'Gold Aceron'),
(259, 'VR Relosa'),
(260, 'Josh Ivan Morales'),
(261, 'Sahil Khan'),
(262, 'Vin Diesel'),
(263, 'Michelle Rodriguez'),
(264, 'Tyrese Gibson'),
(265, 'Ludacris'),
(266, 'John Cena'),
(267, 'Anne Hathaway'),
(268, 'Michael Caine'),
(269, 'Jessica Chastain'),
(270, 'Casey Affleck'),
(271, 'Christian Bale'),
(272, 'Heath Ledger'),
(273, 'Aaron Eckhart'),
(274, 'Maggie Gyllenhaal'),
(275, 'Scott Eastwood'),
(276, 'Ray Liotta'),
(277, 'Dylan Arnold'),
(278, 'Oleg Taktarov'),
(279, 'Jonah Hill'),
(280, 'Kyle Chandler'),
(281, 'Daniel Radcliffe'),
(282, 'Rupert Grint'),
(283, 'Tom Felton'),
(284, 'David Howard Thornton'),
(285, 'Lauren LaVera'),
(286, 'Elliott Fullam'),
(287, 'Sarah Voigt'),
(288, 'Kailey Hyman'),
(289, 'Kenneth Branagh'),
(290, 'Toby Jones'),
(291, 'Brendan Gleeson'),
(292, 'Michael Gambon'),
(293, 'Jim Carrey'),
(294, 'Taylor Momsen'),
(295, 'Jeffrey Tambor'),
(296, 'Christine Baranski'),
(297, 'Bill Irwin'),
(298, 'Rebecca Hall'),
(299, 'Brian Tyree Henry'),
(300, 'Kaylee Hottle'),
(301, 'Alex Ferns'),
(302, 'Sarah McDonald'),
(303, 'Breanna Rossi'),
(304, 'Adela Perez'),
(305, 'Nicholas J. Barelli'),
(306, 'Hector De Alva'),
(307, 'Sofiane Zermani'),
(308, 'Waël Sersoub'),
(309, 'Géraldine Nakache'),
(310, 'Cassandra Cano'),
(311, 'Samir Guesmi'),
(312, 'Oksana Orlan'),
(313, 'Sebastián Carvajal'),
(314, 'María del Rosario'),
(315, 'Maurice Compte'),
(316, 'Chase Coleman'),
(317, 'Sylvester Stallone'),
(318, 'Jason Patric'),
(319, 'Josh Wiggins'),
(320, 'Dash Mihok'),
(321, 'Erin Ownbey'),
(322, 'Maisy Stella'),
(323, 'Aubrey Plaza'),
(324, 'Percy Hynes White'),
(325, 'Maddie Ziegler'),
(326, 'Kerrice Brooks'),
(327, 'Ava Baya'),
(328, 'Jalil Lespert'),
(329, 'Jérémie Laheurte'),
(330, 'Thibaut Évrard'),
(331, 'Riadh Belaïche'),
(332, 'Michael Godere'),
(333, 'Ezekiel Ajeigbe'),
(334, 'Raul Ceballos'),
(335, 'Chris Diamantopoulos'),
(336, 'Mallory Low'),
(337, 'Jean-Claude Van Damme'),
(338, 'Jacqueline Fernandez'),
(339, 'Andrei Lenart'),
(340, 'Peter Stormare'),
(341, 'Talia Asseraf'),
(342, 'Paolo Serrano'),
(343, 'Joash Balejado'),
(344, 'Marco Morales'),
(345, 'Gwen Garci'),
(346, 'Paolo Rivero'),
(347, 'Dominic Ho'),
(348, 'Candy Yuen'),
(349, 'Jeana Ho Pui-Yu'),
(350, 'Hazel Tong'),
(351, 'Winnie Leung'),
(352, 'Scott Chambers'),
(353, 'Ryan Oliva'),
(354, 'Marcus Massey'),
(355, 'Tallulah Evans'),
(356, 'Lewis Santer'),
(357, 'Robert Pattinson'),
(358, 'Zoë Kravitz'),
(359, 'Jeffrey Wright'),
(360, 'Colin Farrell'),
(361, 'Paul Dano'),
(362, 'Noah Beck'),
(363, 'Siena Agudong'),
(364, 'Drew Ray Tanner'),
(365, 'Deborah Cox'),
(366, 'Jake Foy'),
(367, 'Giacomo Gianniotti'),
(368, 'Miriam Leone'),
(369, 'Valerio Mastandrea'),
(370, 'Monica Bellucci'),
(371, 'Pier Giorgio Bellocchio'),
(372, 'Stephen Fry'),
(373, 'Hugh Laurie'),
(374, 'Freddie Highmore'),
(375, 'Emily Carey'),
(376, 'Imelda Staunton'),
(377, 'Mel Gibson'),
(378, 'Mason Thames'),
(379, 'Julian Lerner'),
(380, 'Abigail James Witherspoon'),
(381, 'Noah Cottrell'),
(382, 'Cailey Fleming'),
(383, 'John Krasinski'),
(384, 'Fiona Shaw'),
(385, 'Satoshi Hino'),
(386, 'Yumi Hara'),
(387, 'Masayuki Katou'),
(388, 'Yoshino Aoyama'),
(389, 'Hitomi Nabatame'),
(390, 'Marlon Brando'),
(391, 'Al Pacino'),
(392, 'James Caan'),
(393, 'Robert Duvall'),
(394, 'Richard S. Castellano'),
(395, 'Samuel L. Jackson'),
(396, 'Hannah Waddingham'),
(397, 'Ving Rhames'),
(398, 'Nicholas Hoult'),
(399, 'Ralph Fiennes'),
(400, 'Stanley Tucci'),
(401, 'John Lithgow'),
(402, 'Isabella Rossellini'),
(403, 'Lucian Msamati'),
(404, 'James Norton'),
(405, 'Thomasin McKenzie'),
(406, 'Charlie Murphy'),
(407, 'Rish Shah'),
(408, 'Mark Wahlberg'),
(409, 'Halle Berry'),
(410, 'J.K. Simmons'),
(411, 'Mike Colter'),
(412, 'Adewale Akinnuoye-Agbaje'),
(413, 'Tom Holland'),
(414, 'Michael Keaton'),
(415, 'Marisa Tomei'),
(416, 'Jon Favreau'),
(417, 'Timothée Chalamet'),
(418, 'Calah Lane'),
(419, 'Paterson Joseph'),
(420, 'Lucas Bravo'),
(421, 'Yvan Attal'),
(422, 'Léa Luce Busato'),
(423, 'Steve Tientcheu'),
(424, 'David Ayala'),
(425, 'Britt Robertson'),
(426, 'Chad Michael Murray'),
(427, 'Marla Sokoloff'),
(428, 'Marc Anthony Samuel'),
(429, 'Maxwell Caulfield'),
(430, 'Nicolas Cage'),
(431, 'Jaeden Martell'),
(432, 'Maxwell Jenkins'),
(433, 'Sadie Soverall'),
(434, 'Samantha Coughlan'),
(435, 'George Clooney'),
(436, 'Brad Pitt'),
(437, 'Austin Abrams'),
(438, 'Amy Ryan'),
(439, 'Poorna Jagannathan'),
(440, 'Francesca Capaldi'),
(441, 'Wes Johnson'),
(442, 'Ken Arnold'),
(443, 'Sam Lukowski'),
(444, 'Anita Sharma'),
(445, 'Macaulay Culkin'),
(446, 'Daniel Stern'),
(447, 'Joe Pesci'),
(448, 'Catherine O\'Hara'),
(449, 'John Heard'),
(450, 'Cynthia Erivo'),
(451, 'Ariana Grande'),
(452, 'Michelle Yeoh'),
(453, 'Jeff Goldblum'),
(454, 'Jonathan Bailey'),
(455, 'Shameik Moore'),
(456, 'Hailee Steinfeld'),
(457, 'Luna Lauren Velez'),
(458, 'Jake Johnson'),
(459, 'Kim Hye-soo'),
(460, 'Yum Jung-ah'),
(461, 'Zo In-sung'),
(462, 'Park Jeong-min'),
(463, 'Kim Jong-soo'),
(464, 'Nicholas Galitzine'),
(465, 'Ella Rubin'),
(466, 'Annie Mumolo'),
(467, 'Chiwetel Ejiofor'),
(468, 'Juno Temple'),
(469, 'Clark Backo'),
(470, 'Rhys Ifans'),
(471, 'Craig Ferguson'),
(472, 'Tom Cruise'),
(473, 'Miles Teller'),
(474, 'Monica Barbaro'),
(475, 'Lewis Pullman'),
(476, 'Jay Ellis'),
(477, 'Viola Davis'),
(478, 'Dustin Hoffman'),
(479, 'Bryan Cranston'),
(480, 'Tim Robbins'),
(481, 'Morgan Freeman'),
(482, 'Bob Gunton'),
(483, 'William Sadler'),
(484, 'Clancy Brown'),
(485, 'Guy Pearce'),
(486, 'Tioreore Ngatai-Melbourne'),
(487, 'Antonio Te Maioha'),
(488, 'Jacqueline McKenzie'),
(489, 'Te Kohe Tuhaka'),
(490, 'Zendaya'),
(491, 'Benedict Cumberbatch'),
(492, 'Jacob Batalon'),
(493, 'Jamie Foxx'),
(494, 'Jenna Kanell'),
(495, 'Samantha Scaffidi'),
(496, 'Catherine Corcoran'),
(497, 'Pooya Mohseni'),
(498, 'Antonio Banderas'),
(499, 'Salma Hayek Pinault'),
(500, 'Harvey Guillén'),
(501, 'Wagner Moura'),
(502, 'Wim van Damme'),
(503, 'Floor Wyns'),
(504, 'Tim Roth'),
(505, 'Abigail Breslin'),
(506, 'Matt Hookings'),
(507, 'Lucky Ali'),
(508, 'Eugenia Suárez'),
(509, 'Rafael Spregelburd'),
(510, 'Julieta Cardinali'),
(511, 'Minerva Casero'),
(512, 'Felipe Otaño'),
(513, 'Agustin Olcese'),
(514, 'Carlos Portaluppi'),
(515, 'Mario Alarcón'),
(516, 'Jorge Lorenzo'),
(517, 'Santiago Rios'),
(518, 'Jeon Ji-hak'),
(519, 'Choi Min-ho'),
(520, 'Saki Mizumi'),
(521, 'Ha Roo'),
(522, 'Ahn So-hee'),
(523, 'Cailee Spaeny'),
(524, 'David Jonsson'),
(525, 'Archie Renaux'),
(526, 'Isabela Merced'),
(527, 'Spike Fearn'),
(528, 'Anthony Mackie'),
(529, 'Morena Baccarin'),
(530, 'Maddie Hasson'),
(531, 'Danny Boyd Jr.'),
(532, 'Shauna Earp'),
(533, 'Anthony B. Jenkins'),
(534, 'William Catlett'),
(535, 'Percy Daggs IV'),
(536, 'Matthew Kevin Anderson'),
(537, 'Mike Myers'),
(538, 'Eddie Murphy'),
(539, 'Cameron Diaz'),
(540, 'Vincent Cassel'),
(541, 'Margaret Anne Florence'),
(542, 'Christina Milian'),
(543, 'Devale Ellis'),
(544, 'Kofi Siriboe'),
(545, 'Kalen Allen'),
(546, 'Mitch Grassi'),
(547, 'Blake Lively'),
(548, 'Justin Baldoni'),
(549, 'Jenny Slate'),
(550, 'Brandon Sklenar'),
(551, 'Hasan Minhaj'),
(552, 'Hiroki Takahashi'),
(553, 'Yuki Ono'),
(554, 'Kohsuke Toriumi'),
(555, 'Wataru Hatano'),
(556, 'Takuya Sato'),
(557, 'Song Seung-heon'),
(558, 'Cho Yeo-jeong'),
(559, 'Park Ji-hyun'),
(560, 'Park Ji-young'),
(561, 'Park Seong-geun'),
(562, 'Kirsten Dunst'),
(563, 'Stephen McKinley Henderson'),
(564, 'Nelson Lee'),
(565, 'Sofia Kappel'),
(566, 'Zelda Morrison'),
(567, 'Tee Reel'),
(568, 'Evelyn Claire'),
(569, 'Chris Cock'),
(570, 'Sam Worthington'),
(571, 'Zoe Saldaña'),
(572, 'Sigourney Weaver'),
(573, 'Stephen Lang'),
(574, 'Scott Adkins'),
(575, 'Alice Eve'),
(576, 'Jack Parr'),
(577, 'Billy Clements'),
(578, 'Mădălina Bellariu Ion'),
(579, 'Jon Hamm'),
(580, 'Pierre Niney'),
(581, 'Bastien Bouillon'),
(582, 'Anaïs Demoustier'),
(583, 'Anamaria Vartolomei'),
(584, 'Laurent Lafitte'),
(585, 'Ha Jung-woo'),
(586, 'Yeo Jin-goo'),
(587, 'Sung Dong-il'),
(588, 'Chae Soo-bin'),
(589, 'Moon You-kang'),
(590, 'Andrew Garfield'),
(591, 'Grace Delaney'),
(592, 'Lee Braithwaite'),
(593, 'Aoife Hinds'),
(594, 'Aaron Taylor-Johnson'),
(595, 'Ariana DeBose'),
(596, 'Fred Hechinger'),
(597, 'Alessandro Nivola'),
(598, 'Amy Poehler'),
(599, 'Maya Hawke'),
(600, 'Kensington Tallman'),
(601, 'Liza Lapira'),
(602, 'Tony Hale'),
(603, 'Marcia Gay Harden'),
(604, 'Suzy Nakamura'),
(605, 'Carolyn Lawrence'),
(606, 'Tom Kenny'),
(607, 'Bill Fagerbakke'),
(608, 'Mr. Lawrence'),
(609, 'John Travolta'),
(610, 'Kristin Davis'),
(611, 'Lukas Haas'),
(612, 'Quavo'),
(613, 'Joel Cohen'),
(614, 'Auli\'i Cravalho'),
(615, 'Dwayne Johnson'),
(616, 'Rachel House'),
(617, 'Temuera Morrison'),
(618, 'Jemaine Clement'),
(619, 'Chris Pine'),
(620, 'Alan Tudyk'),
(621, 'Angelique Cabral'),
(622, 'Victor Garber'),
(623, 'Joel Kinnaman'),
(624, 'Sandra Mae Frank'),
(625, 'Mekhi Phifer'),
(626, 'Mark Strong'),
(627, 'Michael Eklund'),
(628, 'Jack Kesy'),
(629, 'Jefferson White'),
(630, 'Adeline Rudolph'),
(631, 'Martin Bassindale'),
(632, 'Leah McNamara'),
(633, 'Francisco Ortiz'),
(634, 'José María Yázpik'),
(635, 'Berta Vázquez'),
(636, 'Iria del Río'),
(637, 'Marta Poveda'),
(638, 'Maika Monroe'),
(639, 'Blair Underwood'),
(640, 'Alicia Witt'),
(641, 'Michelle Choi-Lee'),
(642, 'Lakshya Lalwani'),
(643, 'Raghav Juyal'),
(644, 'Tanya Maniktala'),
(645, 'Abhishek Chauhan'),
(646, 'Ashish Vidhyarthi'),
(647, 'Phoebe-Rae Taylor'),
(648, 'Jennifer Aniston'),
(649, 'Rosemarie DeWitt'),
(650, 'Luke Kirby'),
(651, 'Judith Light'),
(652, 'Kate Beckinsale'),
(653, 'Rupert Friend'),
(654, 'Saffron Burrows'),
(655, 'Ray Stevenson'),
(656, 'Goran Kostić'),
(657, 'Rebecca Ferguson'),
(658, 'Oscar Isaac'),
(659, 'Jason Momoa'),
(660, 'Stellan Skarsgård'),
(661, 'Lucía Pérez'),
(662, 'Mario Gas'),
(663, 'Fernando Castro'),
(664, 'Carlos de Luna'),
(665, 'José Gómez Adán'),
(666, 'Sofia Boutella'),
(667, 'Terry Crews'),
(668, 'Pom Klementieff'),
(669, 'Ben Kingsley'),
(670, 'Sam Claflin'),
(671, 'Antonia Thomas'),
(672, 'Caréll Vincent Rhoden'),
(673, 'Will Davis'),
(674, 'Adelle Leonce'),
(675, 'Paul Mescal'),
(676, 'Denzel Washington'),
(677, 'Marton Csokas'),
(678, 'Chloë Grace Moretz'),
(679, 'David Harbour'),
(680, 'Haley Bennett'),
(681, 'Lindsay Lohan'),
(682, 'Ian Harding'),
(683, 'Kristin Chenoweth'),
(684, 'Jon Rudnitsky'),
(685, 'Dan Bucatinsky'),
(686, 'Hualālai Chung'),
(687, 'Rose Matafeo'),
(688, 'David Fane'),
(689, 'Rodger Bumpass'),
(690, 'Woody Harrelson'),
(691, 'Naomie Harris'),
(692, 'Lady Gaga'),
(693, 'Catherine Keener'),
(694, 'Zazie Beetz'),
(695, 'Demi Moore'),
(696, 'Margaret Qualley'),
(697, 'Dennis Quaid'),
(698, 'Edward Hamilton-Clark'),
(699, 'Gore Abrams'),
(700, 'Javier Bardem'),
(701, 'Brie Larson'),
(702, 'Teyonah Parris'),
(703, 'Iman Vellani'),
(704, 'Zawe Ashton'),
(705, 'Anthony Ramos'),
(706, 'Dominique Fishback'),
(707, 'Peter Cullen'),
(708, 'Peter Dinklage'),
(709, 'James McAvoy'),
(710, 'Mackenzie Davis'),
(711, 'Scoot McNairy'),
(712, 'Aisling Franciosi'),
(713, 'Alix West Lefler'),
(714, 'Yoo Jung'),
(715, 'Si Woo'),
(716, 'Kang Seo'),
(717, 'Nicole Wallace'),
(718, 'Gabriel Guevara'),
(719, 'Marta Hazas'),
(720, 'Iván Sánchez'),
(721, 'Eva Ruiz'),
(722, 'William Moseley'),
(723, 'Anna Popplewell'),
(724, 'Skandar Keynes'),
(725, 'Georgie Henley'),
(726, 'Michael Lake'),
(727, 'Christopher Cordell'),
(728, 'Sylvain Plasse'),
(729, 'Somerville Black'),
(730, 'Aaron Huggett'),
(731, 'Sosie Bacon'),
(732, 'Kyle Gallner'),
(733, 'Jessie T. Usher'),
(734, 'Robin Weigert'),
(735, 'Caitlin Stasey'),
(736, 'Millie Brady'),
(737, 'Pollyanna McIntosh'),
(738, 'Akshay Kumar'),
(739, 'Diarmuid Noyes'),
(740, 'Brenock O\'Connor'),
(741, 'Michael Fassbender'),
(742, 'Katherine Waterston'),
(743, 'Billy Crudup'),
(744, 'Danny McBride'),
(745, 'Demián Bichir'),
(746, 'Varun Tej'),
(747, 'Meenakshi Chaudhary'),
(748, 'Nora Fatehi'),
(749, 'Naveen Chandra'),
(750, 'Ajay Ghosh'),
(751, 'Andreas Pietschmann'),
(752, 'Émilie Dequenne'),
(753, 'Lucas Ebel'),
(754, 'Arben Bajraktaraj'),
(755, 'Lisa Delamar'),
(756, 'Kylie Cantrall'),
(757, 'Malia Baker'),
(758, 'Ruby Rose Turner'),
(759, 'Morgan Dudley'),
(760, 'Dara Reneé'),
(761, 'Virginie Ledoyen'),
(762, 'Paul Hamy'),
(763, 'Sandrine Bonnaire'),
(764, 'Malik Zidi'),
(765, 'Emmanuel Lanzi'),
(766, 'Adam Driver'),
(767, 'Giancarlo Esposito'),
(768, 'Nathalie Emmanuel'),
(769, 'Shia LaBeouf'),
(770, 'Alison Quin'),
(771, 'David Broughton'),
(772, 'Gary Comerford'),
(773, 'Steve Thompson'),
(774, 'Peter Marchant'),
(775, 'Monica Young'),
(776, 'Danny Fehsenfeld'),
(777, 'Olivier Paris'),
(778, 'Dakota West'),
(779, 'Jordan Baird'),
(780, 'Yvonne Strahovski'),
(781, 'Betty Gilpin'),
(782, 'Sam Richardson'),
(783, 'Kelsey Asbille'),
(784, 'Finn Wittrock'),
(785, 'Daniel Francis'),
(786, 'Moray Treadwell'),
(787, 'Dylan Beam'),
(788, 'Catherine Laga\'Aia'),
(789, 'Rena Owen'),
(790, 'John Tui'),
(791, 'Frankie Adams'),
(792, 'Tom Burke'),
(793, 'Alyla Browne'),
(794, 'George Shevtsov'),
(795, 'Nobunaga Shimazaki'),
(796, 'Yuma Uchida'),
(797, 'Kazuyuki Okitsu'),
(798, 'Kazuki Ura'),
(799, 'Tasuku Kaito'),
(800, 'Aurora Ribero'),
(801, 'Hana Malasan'),
(802, 'Andri Mashadi'),
(803, 'Adipati Dolken'),
(804, 'Kristo Immanuel'),
(805, 'Kang Min-sik'),
(806, 'Kim Wan- jin'),
(807, 'Lee Ji- su'),
(808, 'Dakota Johnson'),
(809, 'Jamie Dornan'),
(810, 'Jennifer Ehle'),
(811, 'Eloise Mumford'),
(812, 'Victor Rasuk'),
(813, 'Lucy Liu'),
(814, 'Kiernan Shipka'),
(815, 'Rashida Jones'),
(816, 'Kenan Thompson'),
(817, 'Cameron Seely'),
(818, 'Angela Lansbury'),
(819, 'Michael Madsen'),
(820, 'Eric Roberts'),
(821, 'Robert LaSardo'),
(822, 'John Wells'),
(823, 'Kevin Hager'),
(824, 'Daisy Edgar-Jones'),
(825, 'Glen Powell'),
(826, 'Brandon Perea'),
(827, 'Maura Tierney'),
(828, 'Juanes'),
(829, 'Alejandro Speitzer'),
(830, 'Alberto Guerra'),
(831, 'Laura Osma'),
(832, 'Cary Christopher'),
(833, 'Estella Madrigal'),
(834, 'Jim Gaffigan'),
(835, 'Mamoudou Athie'),
(836, 'Alex Ross Perry'),
(837, 'Naomi Scott'),
(838, 'Lukas Gage'),
(839, 'Miles Gutierrez-Riley'),
(840, 'Peter Jacobson'),
(841, 'Winona Ryder'),
(842, 'Jenna Ortega'),
(843, 'Justin Theroux'),
(844, 'Will Smith'),
(845, 'Martin Lawrence'),
(846, 'Vanessa Hudgens'),
(847, 'Alexander Ludwig'),
(848, 'Paola Nuñez'),
(849, 'Glenn Close'),
(850, 'Brendan Fraser'),
(851, 'Taylour Paige');

-- --------------------------------------------------------

--
-- Struktura tabeli dla tabeli `movies_director`
--

CREATE TABLE `movies_director` (
  `id` bigint(20) NOT NULL,
  `name` varchar(255) NOT NULL
) ENGINE=InnoDB DEFAULT CHARSET=utf8mb4 COLLATE=utf8mb4_general_ci;

--
-- Dumping data for table `movies_director`
--

INSERT INTO `movies_director` (`id`, `name`) VALUES
(1, 'Adam Stern'),
(2, 'Benjamin Renner'),
(3, 'Wes Ball'),
(4, 'Thomas Astruc'),
(5, 'Rupert Sanders'),
(6, 'Chris Renaud'),
(7, 'Joe Russo'),
(8, 'Anthony Russo'),
(9, 'Scott Beck'),
(10, 'Bryan Woods'),
(11, 'Josephine Bornebusch'),
(12, 'Jeff Fowler'),
(13, 'Hannah Macpherson'),
(14, 'Dean DeBlois'),
(15, 'Shawn Levy'),
(16, 'Hugo Cardozo'),
(17, 'Chad Stahelski'),
(18, 'Jerry Ciccoritti'),
(19, 'Serik Beyseu'),
(20, 'Cathy Garcia-Sampana'),
(21, 'Michael Sarnoski'),
(22, 'Greta Gerwig'),
(23, 'Bill Condon'),
(24, 'Garth Jennings'),
(25, 'Michael Jelenic'),
(26, 'Aaron Horvath'),
(27, 'James Cameron'),
(28, 'Vicky Jenson'),
(29, 'SK Dale'),
(30, 'Tinto Brass'),
(31, 'Lee Unkrich'),
(32, 'Ridley Scott'),
(33, 'Ruben Fleischer'),
(34, 'Barbara Topsøe-Rothenborg'),
(35, 'Denis Villeneuve'),
(36, 'E.L. Katz'),
(37, 'Hans Petter Moland'),
(38, 'Barbara Białowąs'),
(39, 'Tomasz Mandes'),
(40, 'Victor Fleming'),
(41, 'Peter Jackson'),
(42, 'Eli Roth'),
(43, 'Kim Tae-gon'),
(44, 'Mukunda Michael Dewil'),
(45, 'Michael Su'),
(46, 'Galder Gaztelu-Urrutia'),
(47, 'Yasuaki Uegaki'),
(48, 'Christopher Nolan'),
(49, 'Lee Sang-soo'),
(50, 'Barry Jenkins'),
(51, 'Tensai Okamura'),
(52, 'Bobby Farrelly'),
(53, 'Carlos Saldanha'),
(54, 'Jamaal Burden'),
(55, 'Chris Sanders'),
(56, 'Steve McQueen'),
(57, 'Jerry Lopez Sineneng'),
(58, 'Louis Leterrier'),
(59, 'Ariel Vromen'),
(60, 'Martin Scorsese'),
(61, 'Chris Columbus'),
(62, 'Damien Leone'),
(63, 'Mike Newell'),
(64, 'Ron Howard'),
(65, 'Adam Wingard'),
(66, 'Carlos Ayala'),
(67, 'Jérémie Guez'),
(68, 'Michael S. Ojeda'),
(69, 'Justin Routt'),
(70, 'Megan Park'),
(71, 'Olivier Schneider'),
(72, 'Kevin Peaty'),
(73, 'Valeri Milev'),
(74, 'Joel Lamangan'),
(75, 'Amen Au Cheuk-Man'),
(76, 'Rhys Frake-Waterfield'),
(77, 'Matt Reeves'),
(78, 'Justin Wu'),
(79, 'Antonio Manetti'),
(80, 'Marco Manetti'),
(81, 'Kim Burdon'),
(82, 'David Henrie'),
(83, 'John Krasinski'),
(84, 'Naoyuki Ito'),
(85, 'Francis Ford Coppola'),
(86, 'Mark Dindal'),
(87, 'Edward Berger'),
(88, 'Ben Taylor'),
(89, 'Julian Farino'),
(90, 'Jon Watts'),
(91, 'Paul King'),
(92, 'Mélanie Laurent'),
(93, 'Peter Sullivan'),
(94, 'Benjamin Brewer'),
(95, 'Jamie Nash'),
(96, 'Jon M. Chu'),
(97, 'Kemp Powers'),
(98, 'Justin K. Thompson'),
(99, 'Joaquim Dos Santos'),
(100, 'Ryoo Seung-wan'),
(101, 'Michael Showalter'),
(102, 'Kelly Marcel'),
(103, 'Joseph Kosinski'),
(104, 'Mike Mitchell'),
(105, 'Frank Darabont'),
(106, 'Lee Tamahori'),
(107, 'Joel Crawford'),
(108, 'Jennifer Lyon Bell'),
(109, 'Murielle Scherre'),
(110, 'Roel Reiné'),
(111, 'Mariana Wainstein'),
(112, 'Nicolás Onetti'),
(113, 'Luciano Onetti'),
(114, 'Kim Moo-won'),
(115, 'Fede Álvarez'),
(116, 'George Nolfi'),
(117, 'Alexandre Aja'),
(118, 'Andrew Adamson'),
(119, 'Rusty Cundieff'),
(120, 'Julia Knowles'),
(121, 'Justin Baldoni'),
(122, 'Naoyuki Tatsuwa'),
(123, 'Kim Dae-woo'),
(124, 'Alex Garland'),
(125, 'Ninja Thyberg'),
(126, 'Nick McKinless'),
(127, 'Josh Cooley'),
(128, 'Alexandre de La Patellière'),
(129, 'Matthieu Delaporte'),
(130, 'Kim Sung-han'),
(131, 'John Crowley'),
(132, 'J.C. Chandor'),
(133, 'Kelsey Mann'),
(134, 'Michael Keaton'),
(135, 'Liza Johnson'),
(136, 'Randall Emmett'),
(137, 'John Musker'),
(138, 'Ron Clements'),
(139, 'Fawn Veerasunthorn'),
(140, 'Chris Buck'),
(141, 'Brad Anderson'),
(142, 'Brian Taylor'),
(143, 'Carles Torrens'),
(144, 'Osgood Perkins'),
(145, 'Nikhil Nagesh Bhat'),
(146, 'Amber Sealey'),
(147, 'Pierre Morel'),
(148, 'Jian-Ping Li'),
(149, 'Salvador Simó'),
(150, 'J.J. Perry'),
(151, 'Colm McCarthy'),
(152, 'Antoine Fuqua'),
(153, 'Stephen Herek'),
(154, 'David G. Derrick Jr.'),
(155, 'Jason Hand'),
(156, 'Dana Ledoux Miller'),
(157, 'Ian Vasquez'),
(158, 'Dave Cunningham'),
(159, 'Fred Osmond'),
(160, 'Kurt Snyder'),
(161, 'Sherm Cohen'),
(162, 'Andy Serkis'),
(163, 'Todd Phillips'),
(164, 'Coralie Fargeat'),
(165, 'Nia DaCosta'),
(166, 'Steven Caple Jr.'),
(167, 'James Watkins'),
(168, 'Kim Ho'),
(169, 'Domingo González'),
(170, 'Aaron Huggett'),
(171, 'Parker Finn'),
(172, 'Ian Hunt Duffy'),
(173, 'Karuna Kumar'),
(174, 'Gints Zilbalodis'),
(175, 'Frédéric Jardin'),
(176, 'Jennifer Phang'),
(177, 'Alexandre Bustillo'),
(178, 'Julien Maury'),
(179, 'Nic Stacey'),
(180, 'Jérémie Degruson'),
(181, 'Chris McKay'),
(182, 'Adam Schindler'),
(183, 'Brian Netto'),
(184, 'Thomas Kail'),
(185, 'George Miller'),
(186, 'Shunsuke Ishikawa'),
(187, 'Timo Tjahjanto'),
(188, 'Junsei'),
(189, 'Sam Taylor-Johnson'),
(190, 'Jake Kasdan'),
(191, 'Yarrow Cheney'),
(192, 'Scott Mosier'),
(193, 'Brandon Slagle'),
(194, 'Lee Isaac Chung'),
(195, 'Andrés Baiz'),
(196, 'David Lowery'),
(197, 'Tim Burton'),
(198, 'Adil El Arbi'),
(199, 'Bilall Fallah'),
(200, 'Max Barbakow');

-- --------------------------------------------------------

--
-- Struktura tabeli dla tabeli `movies_favoritemovie`
--

CREATE TABLE `movies_favoritemovie` (
  `id` bigint(20) NOT NULL,
  `movie_id` bigint(20) NOT NULL,
  `user_id` int(11) NOT NULL
) ENGINE=InnoDB DEFAULT CHARSET=utf8mb4 COLLATE=utf8mb4_general_ci;

--
-- Dumping data for table `movies_favoritemovie`
--

INSERT INTO `movies_favoritemovie` (`id`, `movie_id`, `user_id`) VALUES
(1, 153, 22),
(2, 30, 22),
(3, 1, 22),
(4, 40, 22);

-- --------------------------------------------------------

--
-- Struktura tabeli dla tabeli `movies_genre`
--

CREATE TABLE `movies_genre` (
  `id` bigint(20) NOT NULL,
  `name` varchar(255) NOT NULL
) ENGINE=InnoDB DEFAULT CHARSET=utf8mb4 COLLATE=utf8mb4_general_ci;

--
-- Dumping data for table `movies_genre`
--

INSERT INTO `movies_genre` (`id`, `name`) VALUES
(1, 'Action'),
(5, 'Adventure'),
(4, 'Animation'),
(6, 'Comedy'),
(12, 'Crime'),
(17, 'Documentary'),
(11, 'Drama'),
(7, 'Family'),
(9, 'Fantasy'),
(15, 'History'),
(10, 'Horror'),
(14, 'Music'),
(8, 'Mystery'),
(13, 'Romance'),
(2, 'Science Fiction'),
(3, 'Thriller'),
(18, 'TV Movie'),
(16, 'War');

-- --------------------------------------------------------

--
-- Struktura tabeli dla tabeli `movies_keyword`
--

CREATE TABLE `movies_keyword` (
  `id` bigint(20) NOT NULL,
  `name` varchar(255) NOT NULL
) ENGINE=InnoDB DEFAULT CHARSET=utf8mb4 COLLATE=utf8mb4_general_ci;

--
-- Dumping data for table `movies_keyword`
--

INSERT INTO `movies_keyword` (`id`, `name`) VALUES
(771, '1830s'),
(172, '18th century'),
(209, '1910s'),
(395, '1940s'),
(647, '1950s'),
(665, '1960s'),
(662, '1970s'),
(494, '1980s'),
(474, '1990s'),
(76, '2000s'),
(78, '2020s'),
(277, '2040s'),
(457, '2060s'),
(397, '20th century'),
(255, '2nd century'),
(213, '3d animation'),
(658, 'absurd'),
(847, 'abusive father'),
(857, 'abusive relationship'),
(1000, 'accomplice'),
(1140, 'acid'),
(859, 'acting'),
(559, 'action'),
(1049, 'action comedy'),
(1017, 'action hero'),
(1090, 'actress'),
(657, 'adaptation'),
(1251, 'addiction'),
(809, 'admiring'),
(286, 'adolescence'),
(892, 'adopted child'),
(417, 'adopted son'),
(85, 'adoring'),
(1153, 'adventure'),
(1082, 'aerobics'),
(1179, 'after disaster'),
(53, 'aftercreditsstinger'),
(232, 'afterlife'),
(736, 'age difference'),
(278, 'aggressive'),
(1078, 'aging'),
(748, 'aircraft carrier'),
(908, 'airplane'),
(910, 'airplane hijacking'),
(1172, 'alcoholism'),
(136, 'alien'),
(787, 'alien contact'),
(789, 'alien encounter'),
(791, 'alien hostility'),
(1197, 'alien invasion'),
(262, 'alien life-form'),
(788, 'alien monster'),
(891, 'alien planet'),
(903, 'alien robot'),
(1142, 'alien technology'),
(1096, 'allegorical'),
(717, 'alter ego'),
(718, 'alternate dimension'),
(729, 'alternate universe'),
(721, 'alternate version'),
(775, 'alternative reality'),
(628, 'ambiguous'),
(615, 'american football player'),
(555, 'amityville'),
(585, 'amulet'),
(369, 'anarchism'),
(279, 'ancient evil'),
(248, 'ancient rome'),
(250, 'ancient world'),
(268, 'android'),
(811, 'angel'),
(925, 'anger'),
(676, 'angry'),
(956, 'animal sidekick'),
(7, 'animals'),
(622, 'animation'),
(407, 'anime'),
(750, 'antagonistic'),
(5, 'anthropomorphism'),
(87, 'anti hero'),
(466, 'anti villain'),
(396, 'antisemitism'),
(692, 'anxiety'),
(1006, 'anxious'),
(97, 'ape'),
(1167, 'architect'),
(242, 'arena'),
(358, 'armies'),
(560, 'armored truck'),
(341, 'army'),
(360, 'army of the dead'),
(214, 'artificial intelligence (a.i.)'),
(361, 'asia'),
(556, 'assassin'),
(1177, 'assassination attempt'),
(873, 'assassination of president'),
(1100, 'assertive'),
(448, 'astronaut'),
(1069, 'asylum'),
(379, 'atomic bomb'),
(383, 'atomic bomb test'),
(1166, 'attempted murder'),
(853, 'attempted rape'),
(36, 'awakening'),
(330, 'awestruck'),
(280, 'azrael'),
(33, 'back from the dead'),
(356, 'backstory'),
(1224, 'bad smell'),
(672, 'baffled'),
(339, 'band of misfits'),
(940, 'bank heist'),
(941, 'bank job'),
(833, 'bar'),
(254, 'barbarian horde'),
(159, 'barbie'),
(979, 'barn'),
(1034, 'baron'),
(815, 'bartender'),
(653, 'based on cartoon'),
(84, 'based on children\'s book'),
(29, 'based on comic'),
(40, 'based on comic strip'),
(631, 'based on light novel'),
(405, 'based on manga'),
(13, 'based on novel or book'),
(712, 'based on play or musical'),
(503, 'based on real person'),
(175, 'based on short'),
(150, 'based on toy'),
(194, 'based on true story'),
(409, 'based on tv series'),
(63, 'based on video game'),
(22, 'based on young adult novel'),
(318, 'battle'),
(49, 'battlefield'),
(282, 'bdsm'),
(173, 'beast'),
(1077, 'beauty'),
(1084, 'beauty standards'),
(1123, 'beaver'),
(844, 'behind the scenes'),
(110, 'berlin, germany'),
(1144, 'bet'),
(431, 'betrayal'),
(958, 'betrayal by friend'),
(1147, 'betting'),
(629, 'bewildered'),
(1228, 'billionaire'),
(385, 'biography'),
(423, 'biracial'),
(11, 'bird'),
(317, 'birthday party'),
(576, 'bisexual woman'),
(741, 'bitter'),
(430, 'bl'),
(701, 'black comedy'),
(445, 'black hole'),
(528, 'black magic'),
(1075, 'black market'),
(499, 'black monday'),
(1063, 'black ops'),
(1214, 'blacksmith'),
(276, 'blade runner'),
(114, 'blindness'),
(320, 'blizzard'),
(835, 'blood'),
(602, 'blood and honey'),
(834, 'bloody'),
(506, 'boarding school'),
(1148, 'boat'),
(1088, 'body horror'),
(304, 'bold'),
(269, 'bounty hunter'),
(240, 'boy'),
(740, 'boy band'),
(593, 'boys\' love (bl)'),
(313, 'bravery'),
(89, 'breaking the fourth wall'),
(362, 'bridge'),
(699, 'brisk'),
(722, 'brooklyn, new york city'),
(221, 'brothel'),
(181, 'brother brother relationship'),
(900, 'brothers-in-arms relationship'),
(346, 'brutality'),
(696, 'buddy comedy'),
(1269, 'buddy cop'),
(899, 'buddy movie'),
(1019, 'bullying'),
(702, 'burglar'),
(927, 'burlesque'),
(263, 'business tycoon'),
(1054, 'call girl'),
(501, 'callous'),
(43, 'calm'),
(561, 'canada'),
(368, 'capitalism'),
(1152, 'capybara'),
(1117, 'car'),
(1252, 'car accident'),
(1067, 'carnage'),
(435, 'cars'),
(679, 'cartel'),
(167, 'cartoon'),
(807, 'cartoon donkey'),
(1145, 'casino'),
(168, 'castle'),
(12, 'casual'),
(135, 'cat'),
(58, 'cat and mouse'),
(987, 'catholic'),
(660, 'catholic church'),
(500, 'cautionary'),
(183, 'celebratory'),
(1079, 'celebrity'),
(1027, 'central intelligence agency (cia)'),
(1022, 'cerebral palsy'),
(104, 'cgi-live action hybrid'),
(817, 'chainsaw'),
(754, 'chameleon'),
(1200, 'changing the past or future'),
(462, 'chaos'),
(252, 'chariot'),
(878, 'charlottesville'),
(131, 'cheerful'),
(8, 'chef'),
(728, 'chelsea'),
(237, 'child'),
(598, 'child abduction'),
(530, 'child driving car'),
(507, 'child hero'),
(813, 'child murder'),
(710, 'child rescue'),
(1010, 'children in danger'),
(100, 'chimpanzee'),
(752, 'china'),
(677, 'chocolate'),
(509, 'chosen one'),
(128, 'christmas'),
(825, 'christmas horror'),
(539, 'christmas party'),
(826, 'christmas spirit'),
(786, 'cia agent'),
(1155, 'cinderella'),
(623, 'cinema'),
(864, 'civil war'),
(992, 'clairvoyant'),
(200, 'class differences'),
(216, 'cliché'),
(433, 'cliffhanger'),
(1235, 'climate'),
(1191, 'closing the salesdeal'),
(515, 'clown'),
(968, 'coal mine'),
(981, 'code'),
(814, 'college'),
(558, 'colombia'),
(251, 'combat'),
(1050, 'comedy thriller'),
(842, 'comforting'),
(616, 'comic book'),
(564, 'coming of age'),
(1058, 'commando'),
(258, 'commodus'),
(389, 'communism'),
(257, 'complex'),
(652, 'computer animation'),
(483, 'con artist'),
(479, 'con man'),
(1248, 'concert'),
(524, 'condescending'),
(116, 'consequences'),
(671, 'construction worker'),
(1183, 'consumerism'),
(971, 'contagion spread'),
(458, 'cornfield'),
(983, 'corpse'),
(493, 'corrupt'),
(962, 'corrupt government'),
(477, 'corruption'),
(55, 'cosmic'),
(904, 'count'),
(1071, 'courtroom'),
(822, 'cousin cousin relationship'),
(295, 'cowardliness'),
(578, 'cranberries'),
(575, 'cranbrook'),
(414, 'crayon'),
(1139, 'creation'),
(171, 'creature'),
(329, 'creatures'),
(1002, 'creepy doll'),
(1146, 'crime boss'),
(640, 'crime family'),
(463, 'crime fighter'),
(995, 'crime investigation'),
(993, 'crime spree'),
(467, 'criminal mastermind'),
(1011, 'criminal plot'),
(882, 'critical'),
(778, 'crossover'),
(28, 'crow'),
(906, 'cruel'),
(1094, 'cult'),
(1122, 'cupboard'),
(953, 'curious'),
(170, 'curse'),
(271, 'cyberpunk'),
(488, 'cynical'),
(179, 'damsel in distress'),
(684, 'dancer'),
(858, 'dancing'),
(37, 'dark romance'),
(238, 'day of the dead'),
(645, 'dead horse'),
(963, 'deaf'),
(34, 'death'),
(988, 'death in family'),
(830, 'death of a child'),
(742, 'death of father'),
(743, 'death of husband'),
(1178, 'death of wife'),
(491, 'decadence'),
(673, 'defiant'),
(760, 'delinquent'),
(1249, 'delusion'),
(1256, 'delusional'),
(907, 'demeaning'),
(933, 'dementia'),
(950, 'demigod'),
(319, 'demon'),
(1134, 'demonic'),
(1109, 'depressing'),
(1154, 'descendant'),
(1037, 'desert'),
(496, 'desire for fame'),
(1039, 'destiny'),
(624, 'detective'),
(619, 'diabolik'),
(527, 'diary'),
(1275, 'dignified'),
(546, 'dinosaur'),
(960, 'disabled person'),
(1118, 'disapproving'),
(198, 'disaster'),
(208, 'disaster movie'),
(820, 'disfigured face'),
(1083, 'disfigurement'),
(924, 'disgust'),
(889, 'disgusted'),
(755, 'disheartening'),
(502, 'disrespectful'),
(96, 'distant future'),
(1013, 'distressing'),
(468, 'district attorney'),
(1114, 'disturbed'),
(1108, 'disturbing'),
(1131, 'doctor'),
(655, 'dog'),
(364, 'dogs'),
(152, 'doll'),
(851, 'domestic abuse'),
(852, 'domestic violence'),
(798, 'donkey'),
(816, 'dormitory'),
(82, 'dragon'),
(158, 'dramatic'),
(1001, 'dread'),
(287, 'dream'),
(1209, 'dreary'),
(186, 'drowning'),
(1087, 'drug'),
(478, 'drug addiction'),
(1247, 'drug dealer'),
(698, 'drug kingpin'),
(565, 'drug trip'),
(487, 'drugs'),
(1, 'duck'),
(64, 'duringcreditsstinger'),
(311, 'dwarf'),
(531, 'dying and death'),
(890, 'dysfunctional family'),
(15, 'dystopia'),
(374, 'dystopian sci-fi'),
(95, 'eagle'),
(621, 'eccentric family'),
(60, 'eccentric man'),
(310, 'elves'),
(929, 'embarrasment'),
(119, 'emotional'),
(928, 'emotions'),
(246, 'emperor'),
(92, 'empire'),
(803, 'enchantment'),
(1103, 'end of the world'),
(1115, 'enemies to lovers'),
(1138, 'engineer'),
(926, 'envy'),
(184, 'epic'),
(349, 'epic battle'),
(332, 'epic quest'),
(19, 'erased memory'),
(228, 'erotic movie'),
(1225, 'eroticism'),
(284, 'erotique'),
(14, 'escape'),
(667, 'espionage'),
(636, 'europe'),
(1107, 'europe vacation'),
(189, 'evacuation'),
(1132, 'evil'),
(521, 'evil clown'),
(182, 'evil king'),
(106, 'evil tyrant'),
(99, 'evolution'),
(1061, 'ex soldier'),
(331, 'excited'),
(1101, 'exhilarated'),
(155, 'existentialism'),
(441, 'expedition'),
(1136, 'experiment'),
(1245, 'extreme weather'),
(305, 'exuberant'),
(419, 'factory'),
(165, 'fairy tale'),
(56, 'faith'),
(1060, 'fake death'),
(1097, 'fall from grace'),
(854, 'falling down stairs'),
(498, 'fame-seeking'),
(45, 'familiar'),
(6, 'family'),
(1232, 'family comedy'),
(584, 'family cottage'),
(894, 'family dynamics'),
(583, 'family farm'),
(447, 'family relationships'),
(444, 'famine'),
(1151, 'fantasy'),
(1233, 'fantasy comedy'),
(153, 'fantasy world'),
(451, 'farmer'),
(912, 'father'),
(935, 'father daughter conflict'),
(456, 'father daughter relationship'),
(656, 'father son relationship'),
(1199, 'father son reunion'),
(1124, 'faun'),
(939, 'fbi'),
(140, 'fear'),
(783, 'fear of death'),
(132, 'feel-good'),
(1213, 'female assassin'),
(711, 'female friendship'),
(1008, 'female investigator'),
(151, 'female protagonist'),
(730, 'female superhero'),
(297, 'female villain'),
(147, 'feminism'),
(870, 'fictional war'),
(1091, 'fight'),
(776, 'fight for justice'),
(745, 'fighter pilot'),
(1014, 'film in chapters'),
(497, 'financial market'),
(314, 'fireworks'),
(1110, 'first time'),
(1023, 'fitting in'),
(697, 'fixer'),
(850, 'flashback'),
(4, 'flight'),
(1150, 'flood'),
(421, 'flooding'),
(849, 'florist'),
(79, 'flying'),
(525, 'flying car'),
(654, 'food'),
(372, 'food shortage'),
(192, 'forbidden love'),
(792, 'foreboding'),
(861, 'foreign'),
(1217, 'forest'),
(737, 'forty something'),
(107, 'found footage'),
(766, 'framed for murder'),
(164, 'france'),
(480, 'fraud'),
(902, 'friends to enemies'),
(505, 'friendship'),
(793, 'frightened'),
(896, 'furious'),
(267, 'future'),
(1198, 'future war'),
(970, 'galicia, spain'),
(1212, 'gang'),
(646, 'gang violence'),
(281, 'gangster'),
(860, 'gay romance'),
(580, 'gay teenager'),
(592, 'gay theme'),
(157, 'gender discrimination'),
(265, 'genetic experiment'),
(1143, 'genetic mutation'),
(270, 'genetics'),
(50, 'genocide'),
(618, 'gentleman thief'),
(511, 'ghost'),
(1266, 'ghoulish'),
(548, 'giant ape'),
(1045, 'giant creature'),
(1047, 'giant dragon'),
(545, 'giant monster'),
(898, 'giant robot'),
(529, 'giant snake'),
(343, 'giant spider'),
(1040, 'giant worm'),
(1196, 'glacier'),
(241, 'gladiator'),
(1195, 'global warming'),
(39, 'gloomy'),
(550, 'godzilla'),
(1149, 'golden retriever'),
(328, 'good versus evil'),
(130, 'goofy'),
(516, 'gore'),
(94, 'gorilla'),
(1261, 'gothic'),
(1273, 'gravity'),
(353, 'great war'),
(1207, 'grim'),
(387, 'guilt'),
(231, 'guitar'),
(643, 'gun violence'),
(735, 'haenyeo'),
(514, 'halloween'),
(620, 'halloween costume'),
(522, 'halloween night'),
(1250, 'hallucination'),
(1032, 'hallucinogen'),
(1064, 'hand to hand combat'),
(1081, 'has been'),
(1005, 'haunted doll'),
(1259, 'haunted house'),
(553, 'haunting'),
(919, 'heartfelt'),
(65, 'hedgehog'),
(490, 'hedonism'),
(586, 'heist'),
(86, 'hero'),
(324, 'hero\'s journey'),
(351, 'high fantasy'),
(1018, 'high octane'),
(69, 'high school'),
(909, 'hijacking'),
(44, 'hilarious'),
(202, 'historical event'),
(199, 'historical fiction'),
(1157, 'hitchhiker'),
(111, 'hitman'),
(333, 'hobbits'),
(123, 'holiday'),
(413, 'holiday comedy'),
(707, 'home alone'),
(705, 'home invasion'),
(1190, 'home shopping'),
(1194, 'homemade toys'),
(976, 'homicide'),
(1007, 'homicide investigation'),
(344, 'honor'),
(758, 'hope'),
(1176, 'hope for future'),
(145, 'hopeful'),
(1105, 'hopeless'),
(839, 'hopeless romantic'),
(1012, 'horrific crime'),
(601, 'horrified'),
(1263, 'horror comedy'),
(1130, 'hospital'),
(1055, 'hostage'),
(942, 'hostages'),
(694, 'hotel room'),
(300, 'hourglass'),
(969, 'human animal relationship'),
(115, 'hunted'),
(921, 'hunter'),
(26, 'husband wife relationship'),
(190, 'iceberg'),
(1076, 'identity'),
(1216, 'ignorance'),
(10, 'illumination'),
(627, 'imaginary'),
(626, 'imaginary friend'),
(294, 'imaginary land'),
(415, 'imagination'),
(363, 'incheon'),
(574, 'independent film'),
(719, 'india'),
(682, 'infamous'),
(1137, 'infection'),
(663, 'infertility'),
(1162, 'infidelity'),
(1070, 'insane asylum'),
(1085, 'insecure woman'),
(683, 'inspired by true events'),
(931, 'instructive'),
(212, 'intense'),
(911, 'inter-korean relations'),
(732, 'interdimensional travel'),
(1184, 'internet'),
(1186, 'internet culture'),
(765, 'interracial friendship'),
(1173, 'interracial relationship'),
(386, 'interrogation'),
(211, 'intimate'),
(932, 'investigation'),
(323, 'invisibility'),
(630, 'isekai'),
(945, 'island'),
(955, 'island life'),
(689, 'isolated farmhouse'),
(220, 'italy'),
(121, 'japan style'),
(120, 'japanese mafia'),
(400, 'jealousy'),
(700, 'job gone wrong'),
(460, 'joker'),
(103, 'journey'),
(930, 'joy'),
(843, 'joyful'),
(67, 'joyous'),
(1073, 'jukebox musical'),
(547, 'kaiju'),
(1223, 'kang min-sik'),
(293, 'kansas, usa'),
(1230, 'kidnapping'),
(25, 'kids'),
(709, 'kids on their own'),
(519, 'killer'),
(520, 'killer clown'),
(986, 'killing spree'),
(345, 'king'),
(551, 'king kong'),
(93, 'kingdom'),
(1038, 'knife fight'),
(751, 'kung fu'),
(570, 'lake house'),
(549, 'langue française'),
(273, 'las vegas'),
(651, 'lasagne'),
(638, 'lawyer'),
(1203, 'leaving one\'s family'),
(573, 'lesbian'),
(579, 'lesbian love'),
(412, 'letter to santa claus'),
(428, 'lgbt'),
(77, 'lgbt interest'),
(566, 'lgbt teen'),
(799, 'liberation'),
(688, 'life'),
(236, 'life after death'),
(203, 'lifeboat'),
(402, 'lingerie'),
(289, 'lion'),
(704, 'little boy'),
(66, 'live action and animation'),
(174, 'live action remake'),
(1159, 'local legend'),
(122, 'located in japan'),
(424, 'london blitz'),
(420, 'london, england'),
(695, 'lone wolf'),
(1062, 'loner'),
(785, 'long lost daughter'),
(470, 'looting'),
(800, 'lordship'),
(399, 'los alamos'),
(475, 'los angeles riots'),
(272, 'los angeles, california'),
(632, 'loss of loved one'),
(126, 'love'),
(201, 'love affair'),
(633, 'love at first sight'),
(83, 'love interest'),
(915, 'love story'),
(401, 'love triangle'),
(681, 'lovers'),
(840, 'loving'),
(836, 'low budget'),
(62, 'mad scientist'),
(347, 'madness'),
(637, 'mafia'),
(649, 'mafia war'),
(47, 'magic'),
(177, 'magic mushroom'),
(51, 'magical object'),
(845, 'making of'),
(594, 'male prostitution'),
(686, 'male stripper'),
(687, 'male stripping'),
(823, 'mall santa'),
(398, 'manhattan project'),
(780, 'maniac'),
(996, 'manic'),
(1104, 'manipulation'),
(769, 'maori'),
(1182, 'marketing'),
(223, 'marriage'),
(109, 'martial arts'),
(54, 'marvel cinematic universe (mcu)'),
(1206, 'masculinity'),
(610, 'masked superhero'),
(773, 'masked vigilante'),
(876, 'mass grave'),
(818, 'massacre'),
(588, 'massage'),
(590, 'massage parlor'),
(591, 'masseur'),
(617, 'master thief'),
(163, 'matel'),
(259, 'maximus'),
(1165, 'mayor'),
(613, 'mayoral election'),
(16, 'maze'),
(391, 'mccarthyism'),
(920, 'meaningful'),
(582, 'meeting your future self'),
(523, 'megaslasher'),
(18, 'memory loss'),
(821, 'mental asylum'),
(819, 'mental illness'),
(533, 'mermaid'),
(569, 'message from the future'),
(1044, 'messiah'),
(1241, 'meteorologist'),
(230, 'mexico'),
(784, 'mi6'),
(1267, 'miami, florida'),
(1021, 'middle school'),
(3, 'migration'),
(747, 'military'),
(607, 'millionaire'),
(581, 'mind expansion'),
(315, 'mine'),
(670, 'miscegenation'),
(1265, 'mischievous'),
(708, 'mischievous child'),
(1161, 'missing children'),
(338, 'missing girl'),
(1211, 'mission'),
(365, 'missionary'),
(1174, 'mistress'),
(917, 'modern'),
(484, 'money'),
(296, 'monkey'),
(134, 'monster'),
(416, 'moose'),
(393, 'moral dilemma'),
(59, 'mormon missionary'),
(156, 'mother daughter relationship'),
(425, 'mother son relationship'),
(154, 'motherhood'),
(316, 'mountain'),
(916, 'moving'),
(32, 'murder'),
(609, 'murder investigation'),
(75, 'murder mystery'),
(827, 'murder of parents'),
(235, 'murderer'),
(239, 'music'),
(169, 'musical'),
(233, 'musician'),
(88, 'mutant'),
(90, 'mutants'),
(537, 'mysterious'),
(1160, 'mysterious disappearance'),
(1065, 'mysterious past'),
(340, 'mysterious power'),
(948, 'mythology'),
(439, 'nasa'),
(1236, 'natural disaster'),
(749, 'naval aviation'),
(879, 'near future'),
(973, 'neighbor neighbor relationship'),
(118, 'neo-noir'),
(1218, 'nest'),
(1262, 'new england'),
(1127, 'new jersey'),
(538, 'new love'),
(381, 'new mexico'),
(1074, 'new year\'s eve'),
(108, 'new york city'),
(768, 'new zealand'),
(605, 'nightclub'),
(685, 'nightclub owner'),
(142, 'noise'),
(572, 'non-binary'),
(1025, 'non-verbal'),
(678, 'nostalgic'),
(388, 'nuclear weapons'),
(312, 'obsession'),
(989, 'occult'),
(947, 'ocean'),
(193, 'ocean liner'),
(806, 'ogre'),
(1237, 'oklahoma'),
(669, 'old flame'),
(739, 'older woman younger man relationship'),
(436, 'ominous'),
(1268, 'on the run'),
(1015, 'one man army'),
(1181, 'optimistic'),
(98, 'orangutan'),
(309, 'orcs'),
(982, 'oregon, usa'),
(112, 'organized crime'),
(901, 'origin story'),
(828, 'orphan siblings'),
(113, 'osaka, japan'),
(1274, 'ostracism'),
(335, 'outlaw'),
(81, 'overpopulation'),
(9, 'overprotective father'),
(512, 'owl'),
(306, 'oz'),
(954, 'pacific  ocean'),
(753, 'panda'),
(187, 'panic'),
(661, 'papal conclave'),
(1202, 'paralysis'),
(1129, 'paranoia'),
(1260, 'paranormal'),
(554, 'paranormal investigation'),
(245, 'parent child relationship'),
(720, 'parenting'),
(23, 'paris, france'),
(805, 'parody'),
(762, 'parole board'),
(714, 'part two'),
(1116, 'passion and romance'),
(635, 'patriarch'),
(149, 'patriarchy'),
(380, 'patriotism'),
(664, 'period drama'),
(770, 'period piece'),
(1026, 'perserverance'),
(1102, 'peru'),
(1226, 'perversion'),
(1220, 'pets'),
(589, 'philippines'),
(253, 'philosopher'),
(865, 'photographer'),
(871, 'photojournalism'),
(384, 'physics'),
(180, 'piano'),
(222, 'pimp'),
(366, 'plane crash'),
(1095, 'planet'),
(176, 'plumber'),
(1231, 'polar bear'),
(557, 'police'),
(757, 'police brutality'),
(964, 'police corruption'),
(966, 'police detective'),
(934, 'police investigation'),
(1009, 'police procedural'),
(611, 'political corruption'),
(606, 'politician'),
(1092, 'politics'),
(951, 'polynesia'),
(1254, 'pop music'),
(1257, 'popstar'),
(888, 'porn actress'),
(887, 'porn industry'),
(886, 'porn star'),
(403, 'porno'),
(885, 'pornography'),
(716, 'portal'),
(691, 'post apocalypse'),
(105, 'post-apocalyptic'),
(17, 'post-apocalyptic future'),
(810, 'post-traumatic stress disorder (ptsd)'),
(1099, 'power'),
(352, 'power madness'),
(650, 'powerful'),
(706, 'precocious child'),
(1035, 'premonition'),
(137, 'prequel'),
(868, 'president'),
(552, 'pretentious'),
(101, 'primate'),
(801, 'prince'),
(797, 'princess'),
(756, 'prison'),
(759, 'prison cell'),
(763, 'prison escape'),
(1072, 'prisoner abuse'),
(117, 'professional assassin'),
(1029, 'prophecy'),
(217, 'prostitute'),
(225, 'prostitution'),
(880, 'provocative'),
(795, 'psychological horror'),
(1003, 'psychological terror'),
(604, 'psychopath'),
(596, 'psychotic villain'),
(543, 'public humiliation'),
(446, 'quantum mechanics'),
(350, 'quest'),
(1043, 'questioning'),
(144, 'quiet'),
(129, 'quirky'),
(438, 'race against time'),
(471, 'race politics'),
(476, 'racial injustice'),
(473, 'racial tension'),
(432, 'racing'),
(422, 'racism'),
(1192, 'racoon'),
(38, 're-imagining'),
(893, 'rebirth'),
(675, 'reboot'),
(390, 'red scare'),
(301, 'red shoes'),
(761, 'redemption'),
(1271, 'reformed criminal'),
(913, 'relationship'),
(690, 'relaxed'),
(57, 'religion'),
(977, 'religion and supernatural'),
(1098, 'religious allegory'),
(642, 'religious hypocrisy'),
(30, 'remake'),
(856, 'repressed trauma'),
(666, 'reproductive rights'),
(437, 'rescue'),
(517, 'resurrection'),
(777, 'returning hero'),
(31, 'revenge'),
(639, 'revenge motive'),
(1208, 'revenge murderer'),
(1229, 'rich'),
(283, 'rich man poor woman'),
(207, 'rich snob'),
(195, 'rich woman poor man'),
(146, 'ridiculous'),
(322, 'ring'),
(1171, 'riot'),
(482, 'rise and fall'),
(644, 'rise to power'),
(867, 'road trip'),
(680, 'robber'),
(802, 'robin hood'),
(215, 'robot'),
(1234, 'rodeo'),
(244, 'roman empire'),
(125, 'romance'),
(841, 'romantic'),
(124, 'romantic comedy'),
(133, 'romantic drama'),
(219, 'rome, italy'),
(994, 'rookie'),
(21, 'runner'),
(46, 'sacrifice'),
(918, 'sad'),
(461, 'sadism'),
(997, 'sadistic psychopath'),
(923, 'sadness'),
(943, 'sailboat'),
(949, 'sailor'),
(1187, 'sale'),
(261, 'san francisco, california'),
(1030, 'sand'),
(1042, 'sand dune'),
(1093, 'sandstorm'),
(1158, 'sanitorium'),
(410, 'santa claus'),
(411, 'satan'),
(991, 'satanic cult'),
(990, 'satanic ritual'),
(978, 'satanism'),
(980, 'satanist'),
(1169, 'satellite'),
(148, 'satire'),
(938, 'save the day'),
(946, 'saving the world'),
(1253, 'scar'),
(292, 'scarecrow'),
(837, 'scary'),
(999, 'scary doll'),
(510, 'school'),
(504, 'school friend'),
(508, 'school of witchcraft'),
(1246, 'science experiment'),
(693, 'science fiction'),
(449, 'scientist'),
(944, 'sea'),
(1053, 'second part'),
(288, 'secret identity'),
(371, 'secret prison'),
(160, 'secret world'),
(1168, 'seduction'),
(218, 'self sacrifice'),
(1133, 'self-harm'),
(370, 'semi-prequel'),
(243, 'senate'),
(299, 'sepia color'),
(41, 'sequel'),
(72, 'serial killer'),
(838, 'serial killers'),
(984, 'series of murders'),
(376, 'sexploitation'),
(429, 'sexy'),
(469, 'sexy man in fury costume'),
(796, 'shapeshifter'),
(495, 'sharemarket fraud'),
(185, 'ship'),
(188, 'shipwreck'),
(434, 'shocking'),
(1185, 'shopping'),
(406, 'shounen'),
(772, 'showdown'),
(812, 'shower'),
(1120, 'sibling relationship'),
(641, 'sicilian mafia'),
(914, 'sick mother'),
(102, 'sign languages'),
(143, 'silence'),
(234, 'singer'),
(1272, 'singing'),
(1004, 'singing in a car'),
(450, 'single father'),
(738, 'single mother'),
(1210, 'sinister'),
(205, 'sinking ship'),
(1024, 'sixth grader'),
(229, 'skeleton'),
(703, 'slapstick comedy'),
(518, 'slasher'),
(249, 'slave auction'),
(247, 'slavery'),
(731, 'slow burn romance'),
(1135, 'smile'),
(733, 'smugglers'),
(734, 'smuggling'),
(862, 'sniper'),
(127, 'snowman'),
(1255, 'sobriety'),
(375, 'social dynamics'),
(373, 'social experiment'),
(608, 'social injustice'),
(1243, 'social media influencer'),
(1056, 'sociopath'),
(227, 'softcore'),
(869, 'soldier'),
(68, 'sonic cinematic universe'),
(27, 'soulmates'),
(48, 'space'),
(453, 'space adventure'),
(790, 'space capsule'),
(1041, 'space opera'),
(452, 'space station'),
(442, 'space travel'),
(260, 'spacecraft'),
(1227, 'spanking'),
(1031, 'spice'),
(967, 'spider'),
(724, 'spider bite'),
(774, 'spider web'),
(141, 'spin off'),
(359, 'spirits'),
(832, 'splatter'),
(348, 'split personality'),
(668, 'spy'),
(1028, 'spy thriller'),
(936, 'squirrel'),
(961, 'star'),
(204, 'star crossed lovers'),
(1189, 'stealth marketing'),
(206, 'steerage'),
(1119, 'step-sibling romance'),
(1111, 'stepbrother'),
(1113, 'stepsister'),
(600, 'stern'),
(485, 'stockbroker'),
(1240, 'storm'),
(1238, 'storm chaser'),
(472, 'street riots'),
(489, 'stripping'),
(1175, 'stroke'),
(895, 'stronger villain'),
(1204, 'struggle for survival'),
(226, 'suburb'),
(256, 'successor'),
(1126, 'suicide'),
(874, 'suicide bombing'),
(625, 'summer'),
(568, 'summer cottage'),
(210, 'sunken ship'),
(52, 'super power'),
(42, 'super villain'),
(24, 'superhero'),
(723, 'superhero team'),
(91, 'superhero teamup'),
(831, 'supernatural horror'),
(829, 'supernatural power'),
(922, 'supervillain'),
(544, 'surreal world'),
(541, 'surrealism'),
(1059, 'surveillance'),
(138, 'survival'),
(139, 'survivalist'),
(367, 'survivors'),
(1046, 'suspenseful'),
(804, 'swamp'),
(526, 'sword'),
(1051, 'sword and sandal'),
(326, 'sword and sorcery'),
(1052, 'sword fighting'),
(354, 'sword making'),
(264, 'symbiote'),
(634, 'symbolism'),
(1080, 'syringe'),
(782, 'talking cat'),
(781, 'talking dog'),
(337, 'talking robot'),
(492, 'taunting'),
(779, 'teamwork'),
(274, 'tech noir'),
(727, 'teen social issues'),
(408, 'teen superhero'),
(73, 'teenage girl'),
(536, 'teenage hero'),
(1057, 'teenage prostitute'),
(725, 'teenage romance'),
(577, 'teenager'),
(846, 'television special'),
(883, 'tense'),
(1048, 'terminal illness'),
(824, 'terrorist bombing'),
(937, 'texas'),
(603, 'the twisted childhood universe'),
(863, 'the white house'),
(1128, 'therapist'),
(542, 'thief'),
(275, 'thoughtful'),
(427, 'threesome'),
(563, 'time'),
(71, 'time machine'),
(459, 'time manipulation'),
(454, 'time paradox'),
(70, 'time travel'),
(440, 'time warp'),
(455, 'time-manipulation'),
(302, 'tin man'),
(191, 'titanic'),
(178, 'toad'),
(404, 'told in flashback'),
(392, 'top secret project'),
(290, 'tornado'),
(1258, 'tour'),
(535, 'tournament'),
(1086, 'toxic masculinity'),
(1193, 'toy'),
(418, 'traditional parenting'),
(196, 'tragedy'),
(614, 'tragic'),
(465, 'tragic hero'),
(197, 'tragic love'),
(224, 'train'),
(1016, 'train robbery'),
(426, 'train station'),
(1215, 'training'),
(166, 'transformation'),
(20, 'trapped'),
(848, 'trauma'),
(597, 'traumatic childhood'),
(975, 'traumatized man'),
(1033, 'treason'),
(327, 'trekking'),
(1188, 'trickery'),
(334, 'trolls'),
(35, 'true love'),
(1270, 'twin brother'),
(291, 'twister'),
(715, 'two part narrative'),
(1205, 'tyranny'),
(746, 'u.s. navy'),
(897, 'u.s. navy seal'),
(321, 'uncle nephew relationship'),
(1112, 'underage sex'),
(1264, 'unexpected death'),
(336, 'unlikely friendship'),
(855, 'unreliable narrator'),
(998, 'unsettling'),
(884, 'urgent'),
(394, 'usa politics'),
(1170, 'utopia'),
(659, 'vatican'),
(612, 'vengeance'),
(266, 'venom'),
(1068, 'venom character'),
(162, 'vibrant'),
(464, 'vigilante'),
(1066, 'vigilante justice'),
(80, 'vikings (norsemen)'),
(540, 'village'),
(2, 'villain'),
(881, 'violence'),
(985, 'violent death'),
(534, 'vision'),
(767, 'voiceover'),
(342, 'volcano'),
(952, 'voyage'),
(481, 'wall street'),
(355, 'war'),
(877, 'war journalism'),
(866, 'war photographer'),
(875, 'war trauma'),
(744, 'warrior'),
(674, 'washington dc, usa'),
(1036, 'water shortage'),
(486, 'wealthy'),
(1180, 'wealthy family'),
(1239, 'weather'),
(1242, 'weather chasers'),
(1164, 'wedding reception'),
(1106, 'weekend getaway'),
(1219, 'well'),
(1020, 'wheelchair user   '),
(161, 'whimsical'),
(303, 'wicked'),
(959, 'wicked king'),
(1163, 'widow'),
(357, 'winged creatures'),
(599, 'winnie the pooh'),
(1121, 'winter'),
(957, 'wish'),
(285, 'witch'),
(713, 'witch hunt'),
(965, 'witness to murder'),
(808, 'witty'),
(298, 'wizard'),
(307, 'wizard of oz'),
(513, 'wizarding world'),
(571, 'woman centric'),
(74, 'woman director'),
(61, 'women of faith'),
(562, 'women\'s sexual identity'),
(648, 'wonder'),
(308, 'wonderful wizard of oz'),
(1156, 'wonderland'),
(794, 'woods'),
(532, 'world cup'),
(1201, 'world war'),
(382, 'world war ii'),
(443, 'wormhole'),
(325, 'wraith'),
(905, 'wrongful conviction'),
(764, 'wrongful imprisonment'),
(1141, 'xenomorph'),
(872, 'xenophobia'),
(726, 'young heroes'),
(567, 'young love'),
(1089, 'youth'),
(1244, 'youtuber'),
(972, 'zombie'),
(974, 'zombie apocalypse'),
(1125, 'нарния disney'),
(587, 'плохие парни dreamworks'),
(1221, '大胸女友'),
(378, '女教師 生徒の眼の前で'),
(377, '学生眼中的女老师'),
(595, '鸭王'),
(1222, '가슴 큰 여자친구');

-- --------------------------------------------------------

--
-- Struktura tabeli dla tabeli `movies_movie`
--

CREATE TABLE `movies_movie` (
  `id` bigint(20) NOT NULL,
  `title` varchar(255) NOT NULL,
  `release_year` int(11) NOT NULL,
  `description` longtext NOT NULL,
  `poster_url` varchar(200) NOT NULL
) ENGINE=InnoDB DEFAULT CHARSET=utf8mb4 COLLATE=utf8mb4_general_ci;

--
-- Dumping data for table `movies_movie`
--

INSERT INTO `movies_movie` (`id`, `title`, `release_year`, `description`, `poster_url`) VALUES
(1, 'Levels', 2024, 'After witnessing his girlfriend\'s murder, a man risks everything - including reality itself - to discover the truth.', 'https://image.tmdb.org/t/p/w500/y1xm0jMIlx9Oo2a3jWNyLGm43sJ.jpg'),
(2, 'Migration', 2023, 'After a migrating duck family alights on their pond with thrilling tales of far-flung places, the Mallard family embarks on a family road trip, from New England, to New York City, to tropical Jamaica.', 'https://image.tmdb.org/t/p/w500/apQL85BMRgkBWQq6pBXKOLfCyaV.jpg'),
(3, 'The Maze Runner', 2014, 'Set in a post-apocalyptic world, young Thomas is deposited in a community of boys after his memory is erased, soon learning they\'re all trapped in a maze that will require him to join forces with fellow “runners” for a shot at escape.', 'https://image.tmdb.org/t/p/w500/ode14q7WtDugFDp78fo9lCsmay9.jpg'),
(4, 'Miraculous World: Paris, Tales of Shadybug and Claw Noir', 2023, 'Miraculous holders from another world appear in Paris. They come from a parallel universe where everything is reversed: the holders of Ladybug and Black Cat Miraculouses, Shadybug and Claw Noir, are the bad guys, and the holder of the Butterfly Miraculous, Hesperia, is a superhero. Ladybug and Cat Noir will have to help Hesperia counter the attacks of their evil doubles and prevent them from seizing the Butterfly\'s Miraculous. Can our heroes also help Hesperia make Shadybug and Claw Noir better people?', 'https://image.tmdb.org/t/p/w500/7Md3nuV0ZprBTnkdR3OrUCEsrSP.jpg'),
(5, 'The Crow', 2024, 'Soulmates Eric and Shelly are brutally murdered when the demons of her dark past catch up with them. Given the chance to save his true love by sacrificing himself, Eric sets out to seek merciless revenge on their killers, traversing the worlds of the living and the dead to put the wrong things right.', 'https://image.tmdb.org/t/p/w500/58QT4cPJ2u2TqWZkterDq9q4yxQ.jpg'),
(6, 'Despicable Me 4', 2024, 'Gru and Lucy and their girls—Margo, Edith and Agnes—welcome a new member to the Gru family, Gru Jr., who is intent on tormenting his dad. Gru also faces a new nemesis in Maxime Le Mal and his femme fatale girlfriend Valentina, forcing the family to go on the run.', 'https://image.tmdb.org/t/p/w500/wWba3TaojhK7NdycRhoQpsG0FaH.jpg'),
(7, 'Avengers: Infinity War', 2018, 'As the Avengers and their allies have continued to protect the world from threats too large for any one hero to handle, a new danger has emerged from the cosmic shadows: Thanos. A despot of intergalactic infamy, his goal is to collect all six Infinity Stones, artifacts of unimaginable power, and use them to inflict his twisted will on all of reality. Everything the Avengers have fought for has led up to this moment - the fate of Earth and existence itself has never been more uncertain.', 'https://image.tmdb.org/t/p/w500/7WsyChQLEftFiDOVTGkv3hFpyyt.jpg'),
(8, 'Heretic', 2024, 'Two young missionaries are forced to prove their faith when they knock on the wrong door and are greeted by a diabolical Mr. Reed, becoming ensnared in his deadly game of cat-and-mouse.', 'https://image.tmdb.org/t/p/w500/5HJqjCTcaE1TFwnNh3Dn21be2es.jpg'),
(9, 'Let Go', 2024, 'A jaded mother makes a last-ditch effort to keep her family together by taking them on a trip to their teenage daughter’s pole dancing competition.', 'https://image.tmdb.org/t/p/w500/hIJRqqAaMUtQ13mZL6lCE6myhXH.jpg'),
(10, 'Sonic the Hedgehog 2', 2022, 'After settling in Green Hills, Sonic is eager to prove he has what it takes to be a true hero. His test comes when Dr. Robotnik returns, this time with a new partner, Knuckles, in search for an emerald that has the power to destroy civilizations. Sonic teams up with his own sidekick, Tails, and together they embark on a globe-trotting journey to find the emerald before it falls into the wrong hands.', 'https://image.tmdb.org/t/p/w500/6DrHO1jr3qVrViUO6s6kFiAGM7.jpg'),
(11, 'Time Cut', 2024, 'A teen in 2024 accidentally time-travels to 2003, days before a masked killer murders her sister. Can she change the past without destroying the future?', 'https://image.tmdb.org/t/p/w500/gzMFMmpJHOmOFKsAhSDac62Dyg2.jpg'),
(12, 'How to Train Your Dragon: The Hidden World', 2019, 'As Hiccup fulfills his dream of creating a peaceful dragon utopia, Toothless’ discovery of an untamed, elusive mate draws the Night Fury away. When danger mounts at home and Hiccup’s reign as village chief is tested, both dragon and rider must make impossible decisions to save their kind.', 'https://image.tmdb.org/t/p/w500/xvx4Yhf0DVH8G4LzNISpMfFBDy2.jpg'),
(13, 'Deadpool & Wolverine', 2024, 'A listless Wade Wilson toils away in civilian life with his days as the morally flexible mercenary, Deadpool, behind him. But when his homeworld faces an existential threat, Wade must reluctantly suit-up again with an even more reluctant Wolverine.', 'https://image.tmdb.org/t/p/w500/8cdWjvZQUExUUTzyp4t6EDMubfO.jpg'),
(14, 'Kingdom of the Planet of the Apes', 2024, 'Several generations following Caesar\'s reign, apes – now the dominant species – live harmoniously while humans have been reduced to living in the shadows. As a new tyrannical ape leader builds his empire, one young ape undertakes a harrowing journey that will cause him to question all he\'s known about the past and to make choices that will define a future for apes and humans alike.', 'https://image.tmdb.org/t/p/w500/gKkl37BQuKTanygYQG1pyYgLVgf.jpg'),
(15, 'Do Not Enter', 2024, 'Two working class youtubers ‘in the making’ enter an abandoned mansion to get their basketball back, and get lost inside while pranking each other. They record their ‘quick adventure’ with their phones for their audience, and tweak it with a fake phantom appearance to attract more followers to their YouTube channel. When uploaded the video goes viral, so they start a challenge: if the video reaches a certain number of views, they will enter the house again, at night, alone, totally unprotected. As fans react positively, they will do as promised, not only to discover and unveil the true nature of the place and their inhabitants, but to realize they might not be among the living anymore. Which opens a question - how far would you go to be famous?', 'https://image.tmdb.org/t/p/w500/1iPuEIcybEc9Y6aKJ8BGAnMadFX.jpg'),
(16, 'John Wick: Chapter 4', 2023, 'With the price on his head ever increasing, John Wick uncovers a path to defeating The High Table. But before he can earn his freedom, Wick must face off against a new enemy with powerful alliances across the globe and forces that turn old friends into foes.', 'https://image.tmdb.org/t/p/w500/vZloFAK7NmvMGKE7VkF5UHaz0I.jpg'),
(17, 'Hot Frosty', 2024, 'When a young widow\'s magic scarf brings a dashing snowman to life, can he help her rediscover romance, laughter and holiday cheer before he melts away?', 'https://image.tmdb.org/t/p/w500/uxn8xD43cHrTxiS9qXjAkezRyGt.jpg'),
(18, 'Whisper of the Witch', 2024, 'Mara, an ancient pagan spirit, hunts a group of teenagers taking their body parts to be reborn. A disillusioned and desperate investigator has to face his deepest fears to save the teenagers.', 'https://image.tmdb.org/t/p/w500/raDMchyq3dJMqso2TVh75A123Xb.jpg'),
(19, 'Hello, Love, Again', 2024, 'Five years on from when Joy said goodbye to Ethan and Hong Kong to pursue her dreams in Canada. After fighting for their love to conquer the time, distance and a global shutdown that kept them apart, Joy and Ethan meet again in Canada but realize that they have also changed a lot, individually.', 'https://image.tmdb.org/t/p/w500/7R940b9RNNKLDrAI1GmCjOd5ta.jpg'),
(20, 'A Quiet Place: Day One', 2024, 'As New York City is invaded by alien creatures who hunt by sound, a woman named Sam fights to survive with her cat.', 'https://image.tmdb.org/t/p/w500/hU42CRk14JuPEdqZG3AWmagiPAP.jpg'),
(21, 'Barbie', 2023, 'Barbie and Ken are having the time of their lives in the colorful and seemingly perfect world of Barbie Land. However, when they get a chance to go to the real world, they soon discover the joys and perils of living among humans.', 'https://image.tmdb.org/t/p/w500/iuFNMS8U5cb6xfzi51Dbkovj7vM.jpg'),
(22, 'Beauty and the Beast', 2017, 'A live-action adaptation of Disney\'s version of the classic tale of a cursed prince and a beautiful young woman who helps him break the spell.', 'https://image.tmdb.org/t/p/w500/hKegSKIDep2ewJWPUQD7u0KqFIp.jpg'),
(23, 'Sing: Thriller', 2024, 'Buster Moon dreams up a star-studded spectacle set to Michael Jackson\'s \"Thriller\" in this animated short featuring characters from the hit \"Sing\" films.', 'https://image.tmdb.org/t/p/w500/i77OInTKcrnRlAozFOaB6D5mk15.jpg'),
(24, 'The Super Mario Bros. Movie', 2023, 'While working underground to fix a water main, Brooklyn plumbers—and brothers—Mario and Luigi are transported down a mysterious pipe and wander into a magical new world. But when the brothers are separated, Mario embarks on an epic quest to find Luigi.', 'https://image.tmdb.org/t/p/w500/qNBAXBIQlnOThrVvA6mA2B5ggV6.jpg'),
(25, 'Titanic', 1997, '101-year-old Rose DeWitt Bukater tells the story of her life aboard the Titanic, 84 years later. A young Rose boards the ship with her mother and fiancé. Meanwhile, Jack Dawson and Fabrizio De Rossi win third-class tickets aboard the ship. Rose tells the whole story from Titanic\'s departure through to its death—on its first and last voyage—on April 15, 1912.', 'https://image.tmdb.org/t/p/w500/9xjZS2rlVxm8SFx8kPC3aIGCOYQ.jpg'),
(26, 'Spellbound', 2024, 'When a powerful spell turns her parents into giant monsters, a teenage princess must journey into the wild to reverse the curse before it\'s too late.', 'https://image.tmdb.org/t/p/w500/xFSIygDiX70Esp9dheCgGX0Nj77.jpg'),
(27, 'Subservience', 2024, 'With his wife out sick, a struggling father brings home a lifelike AI, only to have his self-aware new help want everything her new family has to offer... Like the affection of her owner and she\'ll kill to get it.', 'https://image.tmdb.org/t/p/w500/gBenxR01Uy0Ev9RTIw6dVBPoyQU.jpg'),
(28, 'Paprika', 1991, 'Mimma starts working in Madame Colette’s brothel to help her boyfriend financially. There she is rechristened “Paprika,” and falls in love with her first client, naval officer Franco. Despite this attraction, she begins her climb through the sex trade, residing in Italy’s most illustrious brothels.', 'https://image.tmdb.org/t/p/w500/7d8VB7xZcsjClsE6JaUr8BCbkCh.jpg'),
(29, 'Coco', 2017, 'Despite his family’s baffling generations-old ban on music, Miguel dreams of becoming an accomplished musician like his idol, Ernesto de la Cruz. Desperate to prove his talent, Miguel finds himself in the stunning and colorful Land of the Dead following a mysterious chain of events. Along the way, he meets charming trickster Hector, and together, they set off on an extraordinary journey to unlock the real story behind Miguel\'s family history.', 'https://image.tmdb.org/t/p/w500/gGEsBPAijhVUFoiNpgZXqRVWJt2.jpg'),
(30, 'Gladiator', 2000, 'After the death of Emperor Marcus Aurelius, his devious son takes power and demotes Maximus, one of Rome\'s most capable generals who Marcus preferred. Eventually, Maximus is forced to become a gladiator and battle to the death against other men for the amusement of paying audiences.', 'https://image.tmdb.org/t/p/w500/ty8TGRuvJLPUmAR1H1nRIsgwvim.jpg'),
(31, 'Venom', 2018, 'Investigative journalist Eddie Brock attempts a comeback following a scandal, but accidentally becomes the host of Venom, a violent, super powerful alien symbiote. Soon, he must rely on his newfound powers to protect the world from a shadowy organization looking for a symbiote of their own.', 'https://image.tmdb.org/t/p/w500/2uNW4WbgBXL25BAbXGLnLqX71Sw.jpg'),
(32, 'Maybe Baby 2', 2024, 'When two couples learn that the fertility clinic didn\'t swap their eggs after all, they resolve to move in together and raise their kids collectively.', 'https://image.tmdb.org/t/p/w500/5ikADeVa7HAEOMmi0CZWiT95KHl.jpg'),
(33, 'Blade Runner 2049', 2017, 'Thirty years after the events of the first film, a new blade runner, LAPD Officer K, unearths a long-buried secret that has the potential to plunge what\'s left of society into chaos. K\'s discovery leads him on a quest to find Rick Deckard, a former LAPD blade runner who has been missing for 30 years.', 'https://image.tmdb.org/t/p/w500/gajva2L0rPYkEWjzgFlBXCAVBE5.jpg'),
(34, 'Azrael', 2024, 'In a world where no one speaks, a devout female hunts down a young woman who has escaped her imprisonment. Recaptured by its ruthless leaders, Azrael is due to be sacrificed to pacify an ancient evil deep within the surrounding wilderness.', 'https://image.tmdb.org/t/p/w500/qpdFKDvJS7oLKTcBLXOaMwUESbs.jpg'),
(35, 'Absolution', 2024, 'An aging ex-boxer gangster working as muscle for a Boston crime boss receives an upsetting diagnosis.  Despite a faltering memory, he attempts to rectify the sins of his past and reconnect with his estranged children. He is determined to leave a positive legacy for his grandson, but the criminal underworld isn’t done with him and won’t loosen their grip willingly.', 'https://image.tmdb.org/t/p/w500/cNtAslrDhk1i3IOZ16vF7df6lMy.jpg'),
(36, '365 Days: This Day', 2022, 'Laura and Massimo are back and hotter than ever. But the reunited couple\'s new beginning is complicated by Massimo’s family ties and a mysterious man who enters Laura’s life to win her heart and trust, at any cost.', 'https://image.tmdb.org/t/p/w500/7qU0SOVcQ8BTJLodcAlulUAG16C.jpg'),
(37, 'The Wizard of Oz', 1939, 'Young Dorothy finds herself in a magical world where she makes friends with a lion, a scarecrow and a tin man as they make their way along the yellow brick road to talk with the Wizard and ask for the things they miss most in their lives. The Wicked Witch of the West is the only thing that could stop them.', 'https://image.tmdb.org/t/p/w500/pfAZFD7I2hxW9HCChTuAzsdE6UX.jpg'),
(38, 'The Lord of the Rings: The Fellowship of the Ring', 2001, 'Young hobbit Frodo Baggins, after inheriting a mysterious ring from his uncle Bilbo, must leave his home in order to keep it from falling into the hands of its evil creator. Along the way, a fellowship is formed to protect the ringbearer and make sure that the ring arrives at its final destination: Mt. Doom, the only place where it can be destroyed.', 'https://image.tmdb.org/t/p/w500/6oom5QYQ2yQTMJIbnvbkBL9cHo6.jpg'),
(39, 'Borderlands', 2024, 'Returning to her home planet, an infamous bounty hunter forms an unexpected alliance with a team of unlikely heroes. Together, they battle monsters and dangerous bandits to protect a young girl who holds the key to unimaginable power.', 'https://image.tmdb.org/t/p/w500/3NPUQ6Ywayb5ES2IP1HWrDRt1Gc.jpg'),
(40, 'The Lord of the Rings: The Return of the King', 2003, 'As armies mass for a final battle that will decide the fate of the world--and powerful, ancient forces of Light and Dark compete to determine the outcome--one member of the Fellowship of the Ring is revealed as the noble heir to the throne of the Kings of Men. Yet, the sole hope for triumph over evil lies with a brave hobbit, Frodo, who, accompanied by his loyal friend Sam and the hideous, wretched Gollum, ventures deep into the very dark heart of Mordor on his seemingly impossible quest to destroy the Ring of Power.​', 'https://image.tmdb.org/t/p/w500/rCzpDGLbOoPwLjy3OAm5NUPOTrC.jpg'),
(41, 'Project Silence', 2024, 'Due to sudden deteriorating weather conditions, visibility on the Airport Bridge is severely impaired, leaving people stranded and at risk of the bridge collapsing due to a series of chain collisions and explosions. Amidst the chaos, the canine subjects \"Echo\" from the military experiment \"Project Silence,\" who were being transported in secret, break free, and all human survivors become targets of relentless attacks.', 'https://image.tmdb.org/t/p/w500/nUKfbKv4RD1YxlsNWd0BwabEf3P.jpg'),
(42, 'Prey', 2024, 'A young couple is compelled to leave their Christian missionary station in the Kalahari Desert after being threatened with death by an extremist militant gang. After crashing their aircraft they must battle man and beast for their lives.', 'https://image.tmdb.org/t/p/w500/aOsPclgSiOqhndI2Xp2ksz2g9n6.jpg'),
(43, 'Transmorphers: Mech Beasts', 2023, '20 years after the events of Transmorphers, a newer, more advanced species of alien robot descends on a rebuilt Earth, threatening once again to destroy the planet.', 'https://image.tmdb.org/t/p/w500/oqhaffnQqSzdLrYAQA5W4IdAoCX.jpg'),
(44, 'The Platform 2', 2024, 'After a mysterious leader imposes his law in a brutal system of vertical cells, a new arrival battles against a dubious food distribution method.', 'https://image.tmdb.org/t/p/w500/hf94ySIzdP3KwHau9VSWh7b7Qu2.jpg'),
(45, 'Female Teacher: In Front of the Students', 1982, 'The lovely Reiko has taken a new teaching job at a creepy old high school.  She is an extremely attractive woman and the young students in her class have fallen for her.  One night, after tennis practice, she is brutally assaulted in the locker room shower by a man with a stocking over his face.  Left on the floor naked and in shock, she discovers a single puzzle piece left behind by the crazed man.  A few days later, a pair of students enact a perverted sexual revenge on Reiko for kicking someone off the tennis team.  Could one of these students be the man who brutalized her in the locker room?  Who owns the strange puzzle piece?  As the mystery unfolds, Reiko must come to terms with her own sexual urges and fate.', 'https://image.tmdb.org/t/p/w500/ilMXOocCCwPWCcDLLa6M0ga8vWt.jpg'),
(46, 'Oppenheimer', 2023, 'The story of J. Robert Oppenheimer\'s role in the development of the atomic bomb during World War II.', 'https://image.tmdb.org/t/p/w500/8Gxv8gSFCU0XGDykEGv7zR1n2ua.jpg'),
(47, 'Hole-in-law', 2020, 'An omnibus movie about the jealousy of a man who can\'t stand the fact that his favorite woman slept with another man in two episodes.  Episode 1  At a drinking party led by Jae-hoon, movie director Sang-min meets Hye-jin. Sang-min compliments and sleeps with her favorite Hye-jin while watching her movie. The next morning, Hye-jin\'s friend Mina left early because of her job, Jae-hoon and Sang-min, who were watching a movie together in Hye-jin\'s bed are attracted by the atmosphere and curiosity and enjoy 2 to 1.  Episode 2  Sang-min meets his school friend Ji-eun at the club.  When his foreign friend James showed interest in Ji-eun, Sang-min suddenly became interested in Ji-eun.  That night, Sang-min finds out that Ji-eun slept with James, and visits Ji-eun\'s house with complex emotions mixed with like, anger and jealousy and confesses that he likes her.', 'https://image.tmdb.org/t/p/w500/ZAhAOX5RsstfrbLtkSjiUZGgw2.jpg'),
(48, 'Mufasa: The Lion King', 2024, 'Rafiki relays the legend of Mufasa to lion cub Kiara, daughter of Simba and Nala, with Timon and Pumbaa lending their signature schtick.. Told in flashbacks, the story introduces Mufasa as an orphaned cub, lost and alone until he meets a sympathetic lion named Taka—the heir to a royal bloodline. The chance meeting sets in motion a journey of misfits searching for their destiny and working together to evade a threatening and deadly foe.', 'https://image.tmdb.org/t/p/w500/lurEK87kukWNaHd0zYnsi3yzJrs.jpg'),
(49, 'My Hero Academia: You\'re Next', 2024, 'In a society devastated by the effects of an all-out war between heroes and villains, a mysterious giant fortress suddenly appears, engulfing towns and people one after another. Then, a man reminiscent of All Might, the \'symbol of peace\', stands in front of Izuku and his friends...', 'https://image.tmdb.org/t/p/w500/8rdB1wkheEMMqcY8qLAKjCMPcnZ.jpg'),
(50, 'Dear Santa', 2024, 'Likeable 6th grader Liam writes to Santa asking him to prove that he\'s real. But Liam is dyslexic and accidentally sends his letter to Satan instead, who shows up at Liam\'s house, excited to have his first fanboy letter and wanting a little of Liam\'s soul.', 'https://image.tmdb.org/t/p/w500/kYp5C3oIHV98E5NnObCuadLyOml.jpg'),
(51, 'Harold and the Purple Crayon', 2024, 'Inside of his book, adventurous Harold can make anything come to life simply by drawing it. After he grows up and draws himself off the book\'s pages and into the physical world, Harold finds he has a lot to learn about real life.', 'https://image.tmdb.org/t/p/w500/qtW6bWUEqfPLaD6KnetIlSG4adf.jpg'),
(52, 'Operation Black Ops', 2023, 'A group of mercenaries are hired to overthrow a Neo-Nazi stronghold nestled deep in the heart of Texas, only to discover they are protecting nuclear codes that could ignite World War III.', 'https://image.tmdb.org/t/p/w500/vMgkjQM2fHirExilsTZWJTqL33G.jpg'),
(53, 'The Wild Robot', 2024, 'After a shipwreck, an intelligent robot called Roz is stranded on an uninhabited island. To survive the harsh environment, Roz bonds with the island\'s animals and cares for an orphaned baby goose.', 'https://image.tmdb.org/t/p/w500/wTnV3PCVW5O92JMrFvvrRcV39RU.jpg'),
(54, 'Blitz', 2024, 'In World War II London, nine-year-old George is evacuated to the countryside by his mother, Rita, to escape the bombings. Defiant and determined to return to his family, George embarks on an epic, perilous journey back home as Rita searches for him.', 'https://image.tmdb.org/t/p/w500/e9tyjbF2rugENtBolTtEhHOXgzD.jpg'),
(55, 'Rita', 2024, 'Rita, who finds herself alone when husband Ariel works abroad. They both find solace and sexual satisfaction in other people. When Ariel comes back, they both act like nothing happened. But will this keep their marriage from falling apart?', 'https://image.tmdb.org/t/p/w500/grIFQLXXwQmjvYYfXVXCgGTMUWw.jpg'),
(56, 'Fast X', 2023, 'Over many missions and against impossible odds, Dom Toretto and his family have outsmarted, out-nerved and outdriven every foe in their path. Now, they confront the most lethal opponent they\'ve ever faced: A terrifying threat emerging from the shadows of the past who\'s fueled by blood revenge, and who is determined to shatter this family and destroy everything—and everyone—that Dom loves, forever.', 'https://image.tmdb.org/t/p/w500/fiVW06jE7z9YnO4trhaMEdclSiC.jpg'),
(57, 'Interstellar', 2014, 'The adventures of a group of explorers who make use of a newly discovered wormhole to surpass the limitations on human space travel and conquer the vast distances involved in an interstellar voyage.', 'https://image.tmdb.org/t/p/w500/gEU2QniE6E77NI6lCU6MxlNBvIx.jpg'),
(58, 'The Dark Knight', 2008, 'Batman raises the stakes in his war on crime. With the help of Lt. Jim Gordon and District Attorney Harvey Dent, Batman sets out to dismantle the remaining criminal organizations that plague the streets. The partnership proves to be effective, but they soon find themselves prey to a reign of chaos unleashed by a rising criminal mastermind known to the terrified citizens of Gotham as the Joker.', 'https://image.tmdb.org/t/p/w500/qJ2tW6WMUDux911r6m7haRef0WH.jpg'),
(59, '1992', 2024, 'In 1992, Mercer is desperately trying to rebuild his life and his relationship with his son amidst the turbulent Los Angeles uprising following the Rodney King verdict. Across town, another father and son put their own strained relationship to the test as they plot a dangerous heist to steal catalytic converters, which contain valuable platinum from the factory where Mercer works. As tensions rise and chaos erupts, both families reach their boiling points when their worlds collide.', 'https://image.tmdb.org/t/p/w500/tPvFmQZM5HMspryyYbrtW02NR0G.jpg'),
(60, 'The Wolf of Wall Street', 2013, 'A New York stockbroker refuses to cooperate in a large securities fraud case involving corruption on Wall Street, corporate banking world and mob infiltration. Based on Jordan Belfort\'s autobiography.', 'https://image.tmdb.org/t/p/w500/34m2tygAYBGqA9MXKhRDtzYd4MR.jpg'),
(61, 'Harry Potter and the Philosopher\'s Stone', 2001, 'Harry Potter has lived under the stairs at his aunt and uncle\'s house his whole life. But on his 11th birthday, he learns he\'s a powerful wizard—with a place waiting for him at the Hogwarts School of Witchcraft and Wizardry. As he learns to harness his newfound powers with the help of the school\'s kindly headmaster, Harry uncovers the truth about his parents\' deaths—and about the villain who\'s to blame.', 'https://image.tmdb.org/t/p/w500/wuMc08IPKEatf9rnMNXvIDxqP4W.jpg'),
(62, 'Terrifier 2', 2022, 'A year after the Miles County massacre, Art the Clown is resurrected by a sinister entity. Art returns home, where he must hunt down and destroy teenage Sienna and her younger brother Jonathan on Halloween. As the body count rises, the siblings fight to stay alive while uncovering the true nature of Art\'s evil intent.', 'https://image.tmdb.org/t/p/w500/8gLhu8UFPZfH2Hv11JhTZkb9CVl.jpg'),
(63, 'Harry Potter and the Chamber of Secrets', 2002, 'Cars fly, trees fight back, and a mysterious house-elf comes to warn Harry Potter at the start of his second year at Hogwarts. Adventure and danger await when bloody writing on a wall announces: The Chamber Of Secrets Has Been Opened. To save Hogwarts will require all of Harry, Ron and Hermione’s magical abilities and courage.', 'https://image.tmdb.org/t/p/w500/sdEOH0992YZ0QSxgXNIGLq1ToUi.jpg'),
(64, 'Harry Potter and the Goblet of Fire', 2005, 'When Harry Potter\'s name emerges from the Goblet of Fire, he becomes a competitor in a grueling battle for glory among three wizarding schools—the Triwizard Tournament. But since Harry never submitted his name for the Tournament, who did? Now Harry must confront a deadly dragon, fierce water demons and an enchanted maze only to find himself in the cruel grasp of He Who Must Not Be Named.', 'https://image.tmdb.org/t/p/w500/fECBtHlr0RB3foNHDiCBXeg9Bv9.jpg'),
(65, 'How the Grinch Stole Christmas', 2000, 'The Grinch decides to rob Whoville of Christmas - but a dash of kindness from little Cindy Lou Who and her family may be enough to melt his heart...', 'https://image.tmdb.org/t/p/w500/AmUs3hximCKa90sHuIRr5Bz8ci5.jpg'),
(66, 'Godzilla x Kong: The New Empire', 2024, 'Following their explosive showdown, Godzilla and Kong must reunite against a colossal undiscovered threat hidden within our world, challenging their very existence – and our own.', 'https://image.tmdb.org/t/p/w500/z1p34vh7dEOnLDmyCrlUVLuoDzd.jpg'),
(67, 'Amityville: Where the Echo Lives', 2024, 'When paranormal investigator Heather West receives a call from a terrified woman who claims her house is inhabited by a ghost, she discovers the building has a horrifying history. After a presence from beyond our world reaches out to her, Heather begins to feel a pull to the other side of the spirit plane. Can this hunter of specters deliver an innocent soul to a place of peace and discover an eternal truth in time to save her own life?', 'https://image.tmdb.org/t/p/w500/jqhAgE9ceTX8f9xTcqBlmXSuMG3.jpg'),
(68, 'Hunting With Tigers', 2024, 'Malik, a young Parisian hustler, discovers that his stepfather Serge, a famous bank robber, has been arrested along with his accomplices. During the trial, Iris, one of the accused\'s lawyers, Chérif, requests Malik to accept a dangerous heist in exchange for Serge and her client\'s liberty. Malik must convince and reunite Chérif\'s former partners to accomplish this high-risk stickup.', 'https://image.tmdb.org/t/p/w500/vb6qzT0egUPHcmUwusPNl9j943p.jpg'),
(69, 'Dominique', 2024, 'Dominique, a well-trained assassin, flees from her troubled past in an attempt to begin a new life in South America. However, she soon finds herself in a town plagued with violence and corruption. Facing brutal attacks from the police and mafia, Dominique must decide whether to protect herself or an innocent family that has taken her in.', 'https://image.tmdb.org/t/p/w500/jvug7Esd89yNLJwGvUfeQ9j69cE.jpg'),
(70, 'Armor', 2024, 'Armored truck security guard James Brody is working with his son Casey transporting millions of dollars between banks when a team of thieves led by Rook orchestrate a takeover of their truck to seize the riches. Following a violent car chase, Rook soon has the armored truck surrounded and James and Casey find themselves cornered onto a decrepit bridge.', 'https://image.tmdb.org/t/p/w500/pnXLFioDeftqjlCVlRmXvIdMsdP.jpg'),
(71, 'My Old Ass', 2024, 'An 18th birthday mushroom trip brings free-spirited Elliott face-to-face with her wisecracking 39-year-old self. But when Elliott’s \"old ass\" starts handing out warnings about what her younger self should and shouldn\'t do, Elliott realizes she has to rethink everything about family, love, and what\'s becoming a transformative summer.', 'https://image.tmdb.org/t/p/w500/yUs4Sw9AyTg2sA1qWBkNpD2mGSj.jpg'),
(72, 'GTMAX', 2024, 'When a notorious gang of bikers recruits her brother for a heist, a former motocross champion must face her deepest fears to keep her family safe.', 'https://image.tmdb.org/t/p/w500/bx92hl70NUhojjO3eV6LqKllj4L.jpg'),
(73, 'The Bad Guys: Haunted Heist', 2024, 'The crafty Bad Guys crew embarks on a high-stakes Halloween heist to swipe a priceless amulet from a spooky mansion. What could go wrong?', 'https://image.tmdb.org/t/p/w500/oEJC05CqPugMxC4rFu9r6r6vg6m.jpg'),
(74, 'Kill \'em All 2', 2024, 'Phillip and Suzanne are retired from the spy game, living peacefully off the grid. That\'s until their whereabouts are discovered by Vlad, the vengeful brother of their target from the first film.', 'https://image.tmdb.org/t/p/w500/hgA5hN3NjNNSTXYOmAI6KNKOzbp.jpg'),
(75, 'Heavenly Touch', 2009, 'Jonard is having trouble making ends meet. His mother is suffering from depression, and he and his sister are forced to quit school in order to take care of her. One day, Jonard meets up his friend Rodel, and Rodel introduces him to the world of massage parlors. Rodel teaches him massage, and brings him to Heavenly Touch, a syndicate-run massage parlor that mostly caters to homosexuals.', 'https://image.tmdb.org/t/p/w500/ory8WuAqznTE7lfopTSymHpop2t.jpg'),
(76, 'The Gigolo', 2015, 'Fung looks like a super-heartthrob and was bon with a special endowment, making him the high school idol. He was expelled from school when he was caught fighting on campus. When his mom, the sole provider of his family with her poultry business, had to stop working due to her back problems, Fung decides to support his family financially. And from that moment, his life takes on a tumultuous change…', 'https://image.tmdb.org/t/p/w500/v0YIyJc5EtAGciCZsvqsW2QPRAr.jpg'),
(77, 'Winnie-the-Pooh: Blood and Honey 2', 2024, 'Five months following the murders, Christopher Robin struggles to maintain a regular life while dealing with PTSD. However, deep within the 100-Acre-Wood, a destructive rage grows as Pooh, Piglet, Owl, and Tigger find their home and their lives endangered after their existence is revealed.', 'https://image.tmdb.org/t/p/w500/2sADrLwMQof6yYmrJRSa04tFZuS.jpg'),
(78, 'The Batman', 2022, 'In his second year of fighting crime, Batman uncovers corruption in Gotham City that connects to his own family while facing a serial killer known as the Riddler.', 'https://image.tmdb.org/t/p/w500/74xTEgt7R36Fpooo50r9T25onhq.jpg'),
(79, 'Sidelined: The QB & Me', 2024, 'Dallas, a burdened but headstrong dancer, is determined to get into the best dance school in the country—her late mother’s alma mater. However, that dream is suddenly derailed when the cheeky yet secretly grieving football star, Drayton, crashes into her life with a unique story of his own. Will the two of them be able to grow into their dreams together, or will their dreams be sidelined?', 'https://image.tmdb.org/t/p/w500/hklQwv6QVoOp5bWyh1bjuF2ydyG.jpg'),
(80, 'Diabolik - Who Are You?', 2023, 'Captured by a ruthless gang of bank robbers, foes Diabolik and Ginko find themselves facing certain death. While Eva Kant and Altea forge an unlikely alliance to rescue their lovers, Diabolik reveals his mysterious past to the Inspector.', 'https://image.tmdb.org/t/p/w500/1DAXwi4y941ryPoGbzUlFEEiPAo.jpg'),
(81, 'The Canterville Ghost', 2023, 'An American family moves in to the Canterville Chase, a London mansion that has been haunted by ghost Sir Simon De Canterville for 300 years.', 'https://image.tmdb.org/t/p/w500/dFu8oHN805ZRzpQZNOjkiLzMbep.jpg'),
(82, 'Monster Summer', 2024, 'When a mysterious force begins to disrupt their big summer fun, Noah and his friends team up with a retired police detective to embark on a monstrous adventure to save their island.', 'https://image.tmdb.org/t/p/w500/zD2UZkh0DwbDEMuOKIR7jgwgulZ.jpg'),
(83, 'IF', 2024, 'After discovering she can see everyone\'s imaginary friends, a girl embarks on a magical adventure to reconnect forgotten imaginary friends with their kids.', 'https://image.tmdb.org/t/p/w500/xbKFv4KF3sVYuWKllLlwWDmuZP7.jpg'),
(84, 'OVERLORD: The Sacred Kingdom', 2024, 'After twelve years of playing his favorite MMORPG game, Momonga logs in for the last time only to find himself transported into its world playing it indefinitely. Throughout his adventures, his avatar ascends to the title of Sorcerer King Ains Ooal Gown. Once prosperous but now on the brink of ruin, The Sacred Kingdom enjoyed years of peace after construction of an enormous wall protecting them from neighboring invasions. But, one day this comes to an end when the Demon Emperor Jaldabaoth arrives with an army of villainous demi-humans. Fearing invasion of their own lands, the neighboring territory of the Slane Theocracy is forced to beg their enemies at the Sorcerer Kingdom for help. Heeding the call, Momonga, now known as the Sorcerer King Ains Ooal Gown, rallies the Sorcerer Kingdom and its undead army to join the fight alongside the Sacred Kingdom and the Slane Theocracy in hopes to defeat the Demon Emperor.', 'https://image.tmdb.org/t/p/w500/jEvytxNa5mfW7VAUmDWsZtIdATc.jpg'),
(85, 'Sonic the Hedgehog 3', 2024, 'Sonic, Knuckles, and Tails reunite against a powerful new adversary, Shadow, a mysterious villain with powers unlike anything they have faced before. With their abilities outmatched in every way, Team Sonic must seek out an unlikely alliance in hopes of stopping Shadow and protecting the planet.', 'https://image.tmdb.org/t/p/w500/d8Ryb8AunYAuycVKDp5HpdWPKgC.jpg'),
(86, 'The Godfather', 1972, 'Spanning the years 1945 to 1955, a chronicle of the fictional Italian-American Corleone crime family. When organized crime family patriarch, Vito Corleone barely survives an attempt on his life, his youngest son, Michael steps in to take care of the would-be killers, launching a campaign of bloody revenge.', 'https://image.tmdb.org/t/p/w500/3bhkrj58Vtu7enYsRolD1fZdja1.jpg'),
(87, 'The Garfield Movie', 2024, 'Garfield, the world-famous, Monday-hating, lasagna-loving indoor cat, is about to have a wild outdoor adventure! After an unexpected reunion with his long-lost father – scruffy street cat Vic – Garfield and his canine friend Odie are forced from their perfectly pampered life into joining Vic in a hilarious, high-stakes heist.', 'https://image.tmdb.org/t/p/w500/p6AbOJvMQhBmffd0PIv0u8ghWeY.jpg'),
(88, 'Conclave', 2024, 'After the unexpected death of the Pope, Cardinal Lawrence is tasked with managing the covert and ancient ritual of electing a new one. Sequestered in the Vatican with the Catholic Church’s most powerful leaders until the process is complete, Lawrence finds himself at the center of a conspiracy that could lead to its downfall.', 'https://image.tmdb.org/t/p/w500/m5x8D0bZ3eKqIVWZ5y7TnZ2oTVg.jpg'),
(89, 'Joy', 2024, '3 trailblazers: a young nurse, a visionary scientist and an innovative surgeon face opposition from the church, state, media and medical establishment, in their pursuit of the world\'s first \'test tube baby\', Louise Joy Brown.', 'https://image.tmdb.org/t/p/w500/inL3nv3hAqlvoBSIWFMYydlwULE.jpg'),
(90, 'The Union', 2024, 'A New Jersey construction worker goes from regular guy to aspiring spy when his long-lost high school sweetheart recruits him for an espionage mission.', 'https://image.tmdb.org/t/p/w500/d9CTnTHip1RbVi2OQbA2LJJQAGI.jpg'),
(91, 'Spider-Man: Homecoming', 2017, 'Following the events of Captain America: Civil War, Peter Parker, with the help of his mentor Tony Stark, tries to balance his life as an ordinary high school student in Queens, New York City, with fighting crime as his superhero alter ego Spider-Man as a new threat, the Vulture, emerges.', 'https://image.tmdb.org/t/p/w500/c24sv2weTHPsmDa7jEMN0m2P3RT.jpg'),
(92, 'Wonka', 2023, 'Willy Wonka – chock-full of ideas and determined to change the world one delectable bite at a time – is proof that the best things in life begin with a dream, and if you’re lucky enough to meet Willy Wonka, anything is possible.', 'https://image.tmdb.org/t/p/w500/qhb1qOilapbapxWQn9jtRCMwXJF.jpg'),
(93, 'Freedom', 2024, 'Inspired by the true events of one of France\'s most notorious non-violent robbers, Bruno Sulak, in the 1980s. He led multiple heists, then captured public attention for his many daring escapes from police custody...always to reunite with his beloved lover and accomplice Annie, becoming both France\'s Public Enemy #1 and an icon of Freedom.', 'https://image.tmdb.org/t/p/w500/b2YL2kncIqlcDcqly78AsOPJi6r.jpg'),
(94, 'The Merry Gentlemen', 2024, 'To save her parents\' small-town nightclub, a Broadway dancer stages an all-male, Christmas-themed revue — and meets a guy with all the right moves.', 'https://image.tmdb.org/t/p/w500/4t80WORFWqDYf4BRwV2jrXNHJdN.jpg'),
(95, 'Arcadian', 2024, 'In the near future, on a decimated Earth, Paul and his twin sons face terror at night when ferocious creatures awaken. When Paul is nearly killed, the boys come up with a plan for survival, using everything their father taught them to keep him alive.', 'https://image.tmdb.org/t/p/w500/spWV1eRzlDxvai8LbxwAWR0Vst4.jpg'),
(96, 'Wolfs', 2024, 'Hired to cover up a high-profile crime, a fixer soon finds his night spiralling out of control when he\'s forced to work with an unexpected counterpart.', 'https://image.tmdb.org/t/p/w500/vOX1Zng472PC2KnS0B9nRfM8aaZ.jpg'),
(97, 'Last Night at Terrace Lanes', 2024, 'When a bloodthirsty cult invades a bowling alley on its final night of operation, a high schooler on a date from hell, must join forces with her survivalist dad to fend off the crazed murderers.', 'https://image.tmdb.org/t/p/w500/2yxKZFOVIcNSXqABn9KqGHlBDHZ.jpg'),
(98, 'Home Alone 2: Lost in New York', 1992, 'Instead of flying to Florida with his folks, Kevin ends up alone in New York, where he gets a hotel room with his dad\'s credit card—despite problems from a clerk and meddling bellboy. But when Kevin runs into his old nemeses, the Wet Bandits, he\'s determined to foil their plans to rob a toy store on Christmas Eve.', 'https://image.tmdb.org/t/p/w500/uuitWHpJwxD1wruFl2nZHIb4UGN.jpg'),
(99, 'Wicked: Part Two', 2025, 'Wicked tells the story of Elphaba, the future Wicked Witch of the West and her relationship with Glinda, the Good Witch of the North. The second of a two-part film adaptation of the Broadway musical.', 'https://image.tmdb.org/t/p/w500/eBw3dOQfl5G9aPDVrsRHLK4VGRq.jpg'),
(100, 'Spider-Man: Across the Spider-Verse', 2023, 'After reuniting with Gwen Stacy, Brooklyn’s full-time, friendly neighborhood Spider-Man is catapulted across the Multiverse, where he encounters the Spider Society, a team of Spider-People charged with protecting the Multiverse’s very existence. But when the heroes clash on how to handle a new threat, Miles finds himself pitted against the other Spiders and must set out on his own to save those he loves most.', 'https://image.tmdb.org/t/p/w500/8Vt6mWEReuy4Of61Lnj5Xj704m8.jpg'),
(101, 'Smugglers', 2023, 'During the 1970s, in Kunchon, there were women divers who were able to dive without equipment, including two best friends Choon-ja and Jin-sook, Jin-sook\'s brother and Hammer. They always collected seafood under water for living. But, as fewer factories started to be built near the beach, the women divers started to have trouble with what they were doing for living. Without any choice, the ship crews decided to join the smuggling business in the water to seek a way for their living. But the smuggling business in their village got too big for Jin-sook\'s family to handle and the peaceful village was gradually broken.', 'https://image.tmdb.org/t/p/w500/j8Jx4vpBG258jPxd4o0kOLDwTvm.jpg'),
(102, 'The Idea of You', 2024, '40-year-old single mom Solène begins an unexpected romance with 24-year-old Hayes Campbell, the lead singer of August Moon, the hottest boy band on the planet. As they begin a whirlwind romance, it isn\'t long before Hayes\' superstar status poses unavoidable challenges to their relationship, and Solène soon discovers that life in the glare of his spotlight might be more than she bargained for.', 'https://image.tmdb.org/t/p/w500/Y5P4Q3q8nrruZ9aD3wXeJS2Plg.jpg'),
(103, 'Venom: The Last Dance', 2024, 'Eddie and Venom are on the run. Hunted by both of their worlds and with the net closing in, the duo are forced into a devastating decision that will bring the curtains down on Venom and Eddie\'s last dance.', 'https://image.tmdb.org/t/p/w500/aosm8NMQ3UyoBVpSxyimorCQykC.jpg'),
(104, 'How to Train Your Dragon 2', 2014, 'Five years have passed since Hiccup and Toothless united the dragons and Vikings of Berk. Now, they spend their time charting unmapped territories. During one of their adventures, the pair discover a secret cave that houses hundreds of wild dragons -- and a mysterious dragon rider who turns out to be Hiccup\'s mother, Valka. Hiccup and Toothless then find themselves at the center of a battle to protect Berk from a power-hungry warrior named Drago.', 'https://image.tmdb.org/t/p/w500/d13Uj86LdbDLrfDoHR5aDOFYyJC.jpg'),
(105, 'Top Gun: Maverick', 2022, 'After more than thirty years of service as one of the Navy’s top aviators, and dodging the advancement in rank that would ground him, Pete “Maverick” Mitchell finds himself training a detachment of TOP GUN graduates for a specialized mission the likes of which no living pilot has ever seen.', 'https://image.tmdb.org/t/p/w500/62HCnUTziyWcpDaBO2i1DX17ljH.jpg'),
(106, 'Kung Fu Panda 4', 2024, 'Po is gearing up to become the spiritual leader of his Valley of Peace, but also needs someone to take his place as Dragon Warrior. As such, he will train a new kung fu practitioner for the spot and will encounter a villain called the Chameleon who conjures villains from the past.', 'https://image.tmdb.org/t/p/w500/kDp1vUBnMpe8ak4rjgl3cLELqjU.jpg'),
(107, 'The Shawshank Redemption', 1994, 'Imprisoned in the 1940s for the double murder of his wife and her lover, upstanding banker Andy Dufresne begins a new life at the Shawshank prison, where he puts his accounting skills to work for an amoral warden. During his long stretch in prison, Dufresne comes to be admired by the other inmates -- including an older prisoner named Red -- for his integrity and unquenchable sense of hope.', 'https://image.tmdb.org/t/p/w500/9cqNxx0GxF0bflZmeSMuL5tnGzr.jpg'),
(108, 'The Convert', 2024, 'Munro, a soldier turned lay preacher, comes to New Zealand to minister to the first British colonists, but he is converted by the powerful chief Maianui to serve a different purpose.', 'https://image.tmdb.org/t/p/w500/e5ZqqPlhKstzB4geibpZh38w7Pq.jpg'),
(109, 'Spider-Man: No Way Home', 2021, 'Peter Parker is unmasked and no longer able to separate his normal life from the high-stakes of being a super-hero. When he asks for help from Doctor Strange the stakes become even more dangerous, forcing him to discover what it truly means to be Spider-Man.', 'https://image.tmdb.org/t/p/w500/1g0dhYtq4irTY1GPXvft6k4YLjm.jpg'),
(110, 'Terrifier', 2018, 'A maniacal clown named Art terrorizes three young women on Halloween night and everyone else who stands in his way.', 'https://image.tmdb.org/t/p/w500/sFaPj5UyIAsiRuIgVl60pCYUzmR.jpg'),
(111, 'Puss in Boots: The Last Wish', 2022, 'Puss in Boots discovers that his passion for adventure has taken its toll: He has burned through eight of his nine lives, leaving him with only one life left. Puss sets out on an epic journey to find the mythical Last Wish and restore his nine lives.', 'https://image.tmdb.org/t/p/w500/kuf6dutpsT0vSVehic3EZIqkOBt.jpg'),
(112, 'Skin. Like. Sun.', 2010, 'Real-life young couple Wim and Floor spend an afternoon in the sunwashed rooms of a crumbling home in Belgium. In a unique twist, this artistic erotic documentary is edited in nearly real-time. In the slowness, we get the build, the sweetness, and the sexiness. Forget about fingersnapping fast editing. Slow is where it’s at.', 'https://image.tmdb.org/t/p/w500/uCkANtG6ezb7hjRKVudY3PUcbvn.jpg'),
(113, 'Classified', 2024, 'Operating alone in the field for more than 20 years, a CIA hitman uses the \"Help Wanted\" section of the newspapers to get his orders from the Agency. His long-lost daughter, now a UK MI6 analyst, tracks him down to deliver shocking news: his CIA boss has been dead for years and the division long since shut down. Together, they set out to discover whose orders he\'s been executing.', 'https://image.tmdb.org/t/p/w500/3k8jv1kSAAc0rCfFGtWDDQL4dfK.jpg'),
(114, 'Linda', 2024, 'Self-assured, mysterious, and captivating Linda agrees to work at an affluent home in Buenos Aires. Her charm sparks strong sexual attraction among all members of the family, exposing how fragile their externally happy veneer really is.', 'https://image.tmdb.org/t/p/w500/2I2ot4BlB4DdUVf82u5NqJzwLyi.jpg'),
(115, '1978', 2024, 'During the World Cup final between Argentina and Holland, in times of military dictatorship, a group of torturers kidnap a group of young people. What begins as an inhumane interrogation turns into hell: the wrong group has been kidnapped.', 'https://image.tmdb.org/t/p/w500/zn7oyy7KTlC01XD3pUn82V9Od0P.jpg'),
(116, 'Japanese Mom', 2017, '\"Innocent face, D-cup breasts and perfect intercourse skills! Son, this is not your girlfriend anymore but your mother!\"  Ki-ho brings Yuki from Japan to marry her. However, he starts cheating on her with his ex-girlfriend in Korea.  Min-cheol comforted Yuki and thought of her as his daughter-in-law, but one day he realizes he is looking at her as a woman.  In the end, Yuki and Min-cheol have intercourse without Ki-ho knowing...', 'https://image.tmdb.org/t/p/w500/hq1EaYIqUNrPM3QFYAbnH2UHoX8.jpg'),
(117, 'Alien: Romulus', 2024, 'While scavenging the deep ends of a derelict space station, a group of young space colonizers come face to face with the most terrifying life form in the universe.', 'https://image.tmdb.org/t/p/w500/b33nnKl1GSFbao4l3fZDDqsMx0F.jpg'),
(118, 'Elevation', 2024, 'A single father and two women venture from the safety of their homes to face monstrous creatures to save the life of a young boy.', 'https://image.tmdb.org/t/p/w500/uQhYBxOVFU6s9agD49FnGHwJqG5.jpg'),
(119, 'Never Let Go', 2024, 'As an evil takes over the world beyond their front doorstep, the only protection for a mother and her twin sons is their house and their family’s protective bond.', 'https://image.tmdb.org/t/p/w500/3EpZ2ksjijmdr8BhISP03PYzNFW.jpg'),
(120, 'Shrek', 2001, 'It ain\'t easy bein\' green -- especially if you\'re a likable (albeit smelly) ogre named Shrek. On a mission to retrieve a gorgeous princess from the clutches of a fire-breathing dragon, Shrek teams up with an unlikely compatriot -- a wisecracking donkey.', 'https://image.tmdb.org/t/p/w500/iB64vpL3dIObOtMZgX3RqdVdQDc.jpg'),
(121, 'Terrifier 3', 2024, 'Five years after surviving Art the Clown\'s Halloween massacre, Sienna and Jonathan are still struggling to rebuild their shattered lives. As the holiday season approaches, they try to embrace the Christmas spirit and leave the horrors of the past behind. But just when they think they\'re safe, Art returns, determined to turn their holiday cheer into a new nightmare. The festive season quickly unravels as Art unleashes his twisted brand of terror, proving that no holiday is safe.', 'https://image.tmdb.org/t/p/w500/l1175hgL5DoXnqeZQCcU3eZIdhX.jpg'),
(122, 'Meet Me Next Christmas', 2024, 'On a quest to meet the man of her dreams, a hopeless romantic races across New York City to find a ticket to a sold-out Pentatonix Christmas concert.', 'https://image.tmdb.org/t/p/w500/apsmOwNPOmx0QBArbRDS9r64vF9.jpg'),
(123, 'Defying Gravity: The Curtain Rises on Wicked', 2024, 'A behind-the-scenes look at the highly-anticipated two-part film adaptation of the hit Broadway musical, featuring interviews with the cast and crew.', 'https://image.tmdb.org/t/p/w500/7SBOaeKcPsvquHKhyKUN8gZ4tzo.jpg'),
(124, 'It Ends with Us', 2024, 'When a woman\'s first love suddenly reenters her life, her relationship with a charming, but abusive neurosurgeon is upended, and she realizes she must learn to rely on her own strength to make an impossible choice for her future.', 'https://image.tmdb.org/t/p/w500/cSMdFWmajaX4oUMLx7HEDI84GkP.jpg'),
(125, 'Dakaichi: I\'m Being Harassed by the Sexiest Man of the Year—The Movie: In Spain', 2021, 'Takato Saijo has reigned as the idol industry\'s \"Most Huggable\" for five years, that is, until freshman actor Azumaya. Takato was always considered brusque while Azumaya\'s smile is winning over admirers by comparison. The whole fiasco drives Takuto to over indulge in alcohol and his actions catch the attention of the last person he wants to see. To his surprise, Azumaya uses this new info to blackmail Takuto for physical affection.', 'https://image.tmdb.org/t/p/w500/bow6kX2YPoeyb9ZNwqbFxp5eqKr.jpg'),
(126, 'Hidden Face', 2024, 'Su-yeon, a cellist in an orchestra led by her fiancé and conductor Sung-jin, disappears one day, leaving behind only a video recording. Sung-jin is devastated over the loss of Su-yeon, but feels a strong attraction to Mi-ju, a cellist who fills in for his fiancée. Then one rainy night, Sung-jin and Mi-ju get swept away by their mutual desires for each other and commit an unforgivable act at Su-yeon’s house. Meanwhile, Su-yeon, who is thought to have gone missing, remains trapped in a secret room inside her house, and watches the naked truth unravel before her.', 'https://image.tmdb.org/t/p/w500/kjLbzQVkQovLpUt4rXiFY2Lv4qM.jpg');
INSERT INTO `movies_movie` (`id`, `title`, `release_year`, `description`, `poster_url`) VALUES
(127, 'Civil War', 2024, 'In the near future, a group of war journalists attempt to survive while reporting the truth as the United States stands on the brink of civil war.', 'https://image.tmdb.org/t/p/w500/sh7Rg8Er3tFcN9BpKIPOMvALgZd.jpg'),
(128, 'Pleasure', 2021, '19 year old Linnéa leaves her small town in Sweden and heads for Los Angeles with the aim of becoming the world\'s next big porn star, but the road to her goal turns out to be bumpier than she imagined.', 'https://image.tmdb.org/t/p/w500/7Z2K08J0WantJHNa0vLTOmii41l.jpg'),
(129, 'Avatar: The Way of Water', 2022, 'Set more than a decade after the events of the first film, learn the story of the Sully family (Jake, Neytiri, and their kids), the trouble that follows them, the lengths they go to keep each other safe, the battles they fight to stay alive, and the tragedies they endure.', 'https://image.tmdb.org/t/p/w500/t6HIqrRAclMCA60NsSmeqe9RmNV.jpg'),
(130, 'Take Cover', 2024, 'A burned-out professional sniper finds himself trapped in an all-glass penthouse by a lethal competitor and must find a way to survive and escape with little to no cover between him and the killer.', 'https://image.tmdb.org/t/p/w500/xNLiMNyFzKTL9PVIEulG55Hei8j.jpg'),
(131, 'Transformers One', 2024, 'The untold origin story of Optimus Prime and Megatron, better known as sworn enemies, but once were friends bonded like brothers who changed the fate of Cybertron forever.', 'https://image.tmdb.org/t/p/w500/qbkAqmmEIZfrCO8ZQAuIuVMlWoV.jpg'),
(132, 'The Count of Monte-Cristo', 2024, 'Edmond Dantes becomes the target of a sinister plot and is arrested on his wedding day for a crime he did not commit. After 14 years in the island prison of Château d’If, he manages a daring escape. Now rich beyond his dreams, he assumes the identity of the Count of Monte-Cristo and exacts his revenge on the three men who betrayed him.', 'https://image.tmdb.org/t/p/w500/zw4kV7npGtaqvUxvJE9IdqdFsNc.jpg'),
(133, 'Hijack 1971', 2024, 'Pilots Tae-in and Gyu-sik are set to fly to Gimpo. Under the guidance of flight attendant Ok-soon, passengers are busy boarding. However, shortly after takeoff, a homemade bomb explodes, turning the cabin into chaos.', 'https://image.tmdb.org/t/p/w500/68jNkFi61MQjrJEqj2up5wZ4w5R.jpg'),
(134, 'We Live in Time', 2024, 'An up-and-coming chef and a recent divorcée find their lives forever changed when a chance encounter brings them together, in a decade-spanning, deeply moving romance.', 'https://image.tmdb.org/t/p/w500/ssFS25CiYQvRJqErqaEyHuVgyH7.jpg'),
(135, 'Kraven the Hunter', 2024, 'Kraven Kravinoff\'s complex relationship with his ruthless gangster father, Nikolai, starts him down a path of vengeance with brutal consequences, motivating him to become not only the greatest hunter in the world, but also one of its most feared.', 'https://image.tmdb.org/t/p/w500/1GvBhRxY6MELDfxFrete6BNhBB5.jpg'),
(136, 'Inside Out 2', 2024, 'Teenager Riley\'s mind headquarters is undergoing a sudden demolition to make room for something entirely unexpected: new Emotions! Joy, Sadness, Anger, Fear and Disgust, who’ve long been running a successful operation by all accounts, aren’t sure how to feel when Anxiety shows up. And it looks like she’s not alone.', 'https://image.tmdb.org/t/p/w500/vpnVM9B6NMmQpWeZvzLvDESb2QY.jpg'),
(137, 'Knox Goes Away', 2024, 'A contract killer, after being diagnosed with a fast-moving form of dementia, is presented with the opportunity to redeem himself by saving the life of his estranged adult son. But to do so, he must race against the police closing in on him as well as the ticking clock of his own rapidly deteriorating mind.', 'https://image.tmdb.org/t/p/w500/w39qKYjltCix18BwtoZ1e45usdb.jpg'),
(138, 'Saving Bikini Bottom: The Sandy Cheeks Movie', 2024, 'When Bikini Bottom is scooped from the ocean, scientific squirrel Sandy Cheeks and her pal SpongeBob SquarePants saddle up for Texas to save their town.', 'https://image.tmdb.org/t/p/w500/30YnfZdMNIV7noWLdvmcJS0cbnQ.jpg'),
(139, 'Cash Out', 2024, 'Criminal mastermind Mason is about to execute the score of a lifetime when his lover and key member of his crew, Decker, takes the team down and reveals she’s an undercover Interpol agent. Heartbroken, Mason escapes and retires from the life of crime until his younger brother Shawn is out of his league taking on a big bank heist all on his own. Mason has no choice left but to come to the rescue, while Interpol brings Decker in hoping to unnerve him. Before the SWAT teams storm the bank, Mason must use every tool in his arsenal to not only escape with the prize, but also the love of his life.', 'https://image.tmdb.org/t/p/w500/xBJnIvRdL0nDHgvivr6EgBQizes.jpg'),
(140, 'Moana', 2016, 'In Ancient Polynesia, when a terrible curse incurred by Maui reaches an impetuous Chieftain\'s daughter\'s island, she answers the Ocean\'s call to seek out the demigod to set things right.', 'https://image.tmdb.org/t/p/w500/9tzN8sPbyod2dsa0lwuvrwBDWra.jpg'),
(141, 'Wish', 2023, 'Asha, a sharp-witted idealist, makes a wish so powerful that it is answered by a cosmic force – a little ball of boundless energy called Star. Together, Asha and Star confront a most formidable foe - the ruler of Rosas, King Magnifico - to save her community and prove that when the will of one courageous human connects with the magic of the stars, wondrous things can happen.', 'https://image.tmdb.org/t/p/w500/vgJZSqKMXWDDx09iSIStGKfHMku.jpg'),
(142, 'The Silent Hour', 2024, 'While working a case as an interpreter, a hearing-impaired police detective must confront a group of criminals trying to eliminate a deaf murder witness in her apartment building.', 'https://image.tmdb.org/t/p/w500/j736cRzBtEPCm0nHnpRN1prqiqj.jpg'),
(143, 'Hellboy: The Crooked Man', 2024, 'Hellboy and a rookie BPRD agent get stranded in 1950s rural Appalachia. There, they discover a small community haunted by witches, led by a local devil with a troubling connection to Hellboy\'s past: the Crooked Man.', 'https://image.tmdb.org/t/p/w500/iz2GabtToVB05gLTVSH7ZvFtsMM.jpg'),
(144, 'Apocalypse Z: The Beginning of the End', 2024, 'When a kind of rabies that transforms people into aggressive creatures spreads across the planet, Manel isolates himself at home with his cat, relying on his wits to survive; but soon they must go out in search of food, by land and by sea, dodging many dangers.', 'https://image.tmdb.org/t/p/w500/wIGJnIFQlESkC2rLpfA8EDHqk4g.jpg'),
(145, 'Longlegs', 2024, 'FBI Agent Lee Harker is a gifted new recruit assigned to the unsolved case of an elusive serial killer. As the case takes complex turns, unearthing evidence of the occult, Harker discovers a personal connection to the merciless killer and must race against time to stop him before he claims the lives of another innocent family.', 'https://image.tmdb.org/t/p/w500/5aj8vVGFwGVbQQs26ywhg4Zxk2L.jpg'),
(146, 'Kill', 2024, 'When an army commando finds out his true love is engaged against her will, he boards a New Dehli-bound train in a daring quest to derail the arranged marriage. But when a gang of knife-wielding thieves begin to terrorize innocent passengers on his train, the commando takes them on himself in a death-defying kill-spree to save those around him — turning what should have been a typical commute into an adrenaline-fueled thrill ride.', 'https://image.tmdb.org/t/p/w500/m2zXTuNPkywdYLyWlVyJZW2QOJH.jpg'),
(147, 'Out of My Mind', 2024, 'Melody Brooks, a sixth grader with cerebral palsy, has a quick wit and a sharp mind, but because she is non-verbal and uses a wheelchair, she is not given the same opportunities as her classmates. When a young educator notices her student\'s untapped potential and Melody starts to participate in mainstream education, Melody shows that what she has to say is more important than how she says it.', 'https://image.tmdb.org/t/p/w500/o8qtMeCskitW5QwSu6O1nP4jN6z.jpg'),
(148, 'Canary Black', 2024, 'Top level CIA agent Avery Graves is blackmailed by terrorists into betraying her own country to save her kidnapped husband. Cut off from her team, she turns to her underworld contacts to survive and help locate the coveted intelligence that the kidnappers want.', 'https://image.tmdb.org/t/p/w500/hhiR6uUbTYYvKoACkdAIQPS5c6f.jpg'),
(149, 'Dune', 2021, 'Paul Atreides, a brilliant and gifted young man born into a great destiny beyond his understanding, must travel to the most dangerous planet in the universe to ensure the future of his family and his people. As malevolent forces explode into conflict over the planet\'s exclusive supply of the most precious resource in existence-a commodity capable of unlocking humanity\'s greatest potential-only those who can conquer their fear will survive.', 'https://image.tmdb.org/t/p/w500/d5NXSklXo0qyIYkgV94XAgMIckC.jpg'),
(150, 'Dragonkeeper', 2024, 'Set in Han Imperial China, the plot follows the adventures of enslaved girl Ping with ancient dragon Long Danzi. Dragons had been banished from the kingdom. Ping, an orphan, finds one of the last remaining dragon eggs. Palace guards force Ping to run away in order to return the dragon egg to the ocean and save all dragons from extinction. Ping discovers that she is a true Dragonkeeper.', 'https://image.tmdb.org/t/p/w500/ggZGnJLzO3BTu7ysuuIzou3Oex5.jpg'),
(151, 'The Killer\'s Game', 2024, 'When top hitman Joe Flood is diagnosed with a terminal illness, he decides to take matters into his own hands – by taking a hit out on himself. But when the very hitmen he hired also target his ex-girlfriend, he must fend off an army of assassin colleagues and win back the love of his life before it\'s too late.', 'https://image.tmdb.org/t/p/w500/4bKlTeOUr5AKrLky8mwWvlQqyVd.jpg'),
(152, 'Bagman', 2024, 'For centuries and across cultures, parents have warned their children of the legendary Bagman, who snatches innocent children and stuffs them into his vile, rotting bag—never to be seen again. Patrick McKee narrowly escaped such an encounter as a boy, which left him with lasting scars throughout his adulthood. Now, Patrick’s childhood tormentor has returned, threatening the safety of his wife Karina and son Jake.', 'https://image.tmdb.org/t/p/w500/hzrvol8K2VWm2BsDTwb8YvRMzIH.jpg'),
(153, 'Gladiator II', 2024, 'Years after witnessing the death of the revered hero Maximus at the hands of his uncle, Lucius is forced to enter the Colosseum after his home is conquered by the tyrannical Emperors who now lead Rome with an iron fist. With rage in his heart and the future of the Empire at stake, Lucius must look to his past to find strength and honor to return the glory of Rome to its people.', 'https://image.tmdb.org/t/p/w500/2cxhvwyEwRlysAmRH4iodkvo0z5.jpg'),
(154, 'The Equalizer', 2014, 'McCall believes he has put his mysterious past behind him and dedicated himself to beginning a new, quiet life. But when he meets Teri, a young girl under the control of ultra-violent Russian gangsters, he can’t stand idly by – he has to help her. Armed with hidden skills that allow him to serve vengeance against anyone who would brutalize the helpless, McCall comes out of his self-imposed retirement and finds his desire for justice reawakened. If someone has a problem, if the odds are stacked against them, if they have nowhere else to turn, McCall will help. He is The Equalizer.', 'https://image.tmdb.org/t/p/w500/9u4yW7yPA0BQ2pv9XwiNzItwvp8.jpg'),
(155, 'Our Little Secret', 2024, 'After discovering their significant others are siblings, two resentful exes must spend Christmas under one roof — while hiding their romantic history.', 'https://image.tmdb.org/t/p/w500/7isqmWUryG2xksrw0E75m3vYTFd.jpg'),
(156, 'Moana 2', 2024, 'After receiving an unexpected call from her wayfinding ancestors, Moana journeys alongside Maui and a new crew to the far seas of Oceania and into dangerous, long-lost waters for an adventure unlike anything she\'s ever faced.', 'https://image.tmdb.org/t/p/w500/4YZpsylmjHbqeWzjKpUEF8gcLNW.jpg'),
(157, 'SpongeBob Squarepants: Kreepaway Kamp', 2024, 'While at Kamp Koral for a reunion, SpongeBob and the gang are stalked by a mysterious figure lurking in the shadows as campers start disappearing one by one!', 'https://image.tmdb.org/t/p/w500/blRsgsexoBqnjcEJkV8beKAVT6J.jpg'),
(158, 'Venom: Let There Be Carnage', 2021, 'After finding a host body in investigative reporter Eddie Brock, the alien symbiote must face a new enemy, Carnage, the alter ego of serial killer Cletus Kasady.', 'https://image.tmdb.org/t/p/w500/1MJNcPZy46hIy2CmSqOeru0yr5C.jpg'),
(159, 'Joker: Folie à Deux', 2024, 'While struggling with his dual identity, Arthur Fleck not only stumbles upon true love, but also finds the music that\'s always been inside him.', 'https://image.tmdb.org/t/p/w500/zPOOyw6HBb5Qo6uaWJ5UxrBR6Ll.jpg'),
(160, 'The Substance', 2024, 'A fading celebrity decides to use a black market drug, a cell-replicating substance that temporarily creates a younger, better version of herself.', 'https://image.tmdb.org/t/p/w500/lqoMzCcZYEFK729d6qzt349fB4o.jpg'),
(161, 'Dune: Part Two', 2024, 'Follow the mythic journey of Paul Atreides as he unites with Chani and the Fremen while on a path of revenge against the conspirators who destroyed his family. Facing a choice between the love of his life and the fate of the known universe, Paul endeavors to prevent a terrible future only he can foresee.', 'https://image.tmdb.org/t/p/w500/6izwz7rsy95ARzTR3poZ8H6c5pp.jpg'),
(162, 'The Marvels', 2023, 'Carol Danvers, aka Captain Marvel, has reclaimed her identity from the tyrannical Kree and taken revenge on the Supreme Intelligence. But unintended consequences see Carol shouldering the burden of a destabilized universe. When her duties send her to an anomalous wormhole linked to a Kree revolutionary, her powers become entangled with that of Jersey City super-fan Kamala Khan, aka Ms. Marvel, and Carol’s estranged niece, now S.A.B.E.R. astronaut Captain Monica Rambeau. Together, this unlikely trio must team up and learn to work in concert to save the universe.', 'https://image.tmdb.org/t/p/w500/9GBhzXMFjgcZ3FdR9w3bUMMTps5.jpg'),
(163, 'Transformers: Rise of the Beasts', 2023, 'When a new threat capable of destroying the entire planet emerges, Optimus Prime and the Autobots must team up with a powerful faction known as the Maximals. With the fate of humanity hanging in the balance, humans Noah and Elena will do whatever it takes to help the Transformers as they engage in the ultimate battle to save Earth.', 'https://image.tmdb.org/t/p/w500/gPbM0MK8CP8A174rmUwGsADNYKD.jpg'),
(164, 'Speak No Evil', 2024, 'When an American family is invited to spend the weekend at the idyllic country estate of a charming British family they befriended on vacation, what begins as a dream holiday soon warps into a snarled psychological nightmare.', 'https://image.tmdb.org/t/p/w500/fDtkrO2OAF8LKQTdzYmu1Y7lCLB.jpg'),
(165, 'Idol Seungha\'s R-Rated Film Shooting', 2021, 'Film producer Na-eun and director Yeong-tae are on the verge of shelving out cash for an adult film production. They\'re too busy blaming each other for the messed-up filming. Before another filming begins, Na-eun suggests Yeong-tae to become an actor himself and practice filming. Na-eun leads the shy Yeong-tae very skillfully. How far will the practice go...?', 'https://image.tmdb.org/t/p/w500/4CVYNzGwTMgOKxycg2LQO9slwfH.jpg'),
(166, 'My Fault', 2023, 'Noah must leave her city, boyfriend, and friends to move into William Leister\'s mansion, the flashy and wealthy husband of her mother Rafaela. As a proud and independent 17 year old, Noah resists living in a mansion surrounded by luxury. However, it is there where she meets Nick, her new stepbrother, and the clash of their strong personalities becomes evident from the very beginning.', 'https://image.tmdb.org/t/p/w500/w46Vw536HwNnEzOa7J24YH9DPRS.jpg'),
(167, 'The Chronicles of Narnia: The Lion, the Witch and the Wardrobe', 2005, 'Siblings Lucy, Edmund, Susan and Peter step through a magical wardrobe and find the land of Narnia. There, they discover a charming, once peaceful kingdom that has been plunged into eternal winter by the evil White Witch, Jadis. Aided by the wise and magnificent lion, Aslan, the children lead Narnia into a spectacular, climactic battle to be free of the Witch\'s glacial powers forever.', 'https://image.tmdb.org/t/p/w500/iREd0rNCjYdf5Ar0vfaW32yrkm.jpg'),
(168, 'Battle for the Western Front', 2022, 'Inspired by Canuck WWI flying ace Billy Bishop, two young soldiers crash the front lines in August 1918. With the Allies detained, their platoon must desperately hold out alongside legendary Anishinaabe sniper Francis \"Peggy\" Pegahmagabow.', 'https://image.tmdb.org/t/p/w500/ooHEL3XyLYu3hus5cMnpjeH4e7A.jpg'),
(169, 'Smile', 2022, 'After witnessing a bizarre, traumatic incident involving a patient, Dr. Rose Cotter starts experiencing frightening occurrences that she can\'t explain.', 'https://image.tmdb.org/t/p/w500/aPqcQwu4VGEewPhagWNncDbJ9Xp.jpg'),
(170, 'Double Blind', 2024, 'After an experimental drug trial goes awry, the test subjects face a terrifying side effect: if you fall asleep you die. Trapped in an isolated facility, panic ensues as they try to escape and somehow stay awake.', 'https://image.tmdb.org/t/p/w500/dGKQ4nPA5WDVbq2KdXkGpohEC7Y.jpg'),
(171, 'Alien: Covenant', 2017, 'The crew of the colony ship Covenant, bound for a remote planet on the far side of the galaxy, discovers what they think is an uncharted paradise but is actually a dark, dangerous world.', 'https://image.tmdb.org/t/p/w500/zecMELPbU5YMQpC81Z8ImaaXuf9.jpg'),
(172, 'Matka', 2024, 'Set between the years 1958 and 1982, Matka tells the story of Vasu, who rises from poverty to create a powerful gambling empire in India, ultimately leading the nation into a battle with the government. Based on real events, the tale explores themes of love, moral choices, and the consequences of ambition.', 'https://image.tmdb.org/t/p/w500/jrHIKDq9xvKJhYBDvYwmAfs8qvr.jpg'),
(173, 'Flow', 2024, 'A solitary cat, displaced by a great flood, finds refuge on a boat with various species and must navigate the challenges of adapting to a transformed world together.', 'https://image.tmdb.org/t/p/w500/dzDMewC0Hwv01SROiWgKOi4iOc1.jpg'),
(174, 'Survive', 2024, 'A couple celebrates their son’s birthday in the middle of the ocean on their boat. A violent storm hits and it brings up hungry creatures from the depths and they fight for their survival.', 'https://image.tmdb.org/t/p/w500/7fR3KxswtY8OHHZuOUB9td58CRX.jpg'),
(175, 'Descendants: The Rise of Red', 2024, 'After the Queen of Hearts incites a coup on Auradon, her rebellious daughter Red and Cinderella\'s perfectionist daughter Chloe join forces and travel back in time to try to undo the traumatic event that set Red\'s mother down her villainous path.', 'https://image.tmdb.org/t/p/w500/8fYluTtB3b3HKO7KQa5tzrvGaps.jpg'),
(176, 'The Soul Eater', 2024, 'When the disappearance of children and bloody murders multiply in a small mountain village, an old legend shrouded in sulphur reappears... Commander Guardiano and Captain of the Gendarmerie De Rolan are forced to join forces to uncover the truth.', 'https://image.tmdb.org/t/p/w500/8XsQVmGQukwIVDM88Aa0C7L5hCp.jpg'),
(177, 'Megalopolis', 2024, 'Genius artist Cesar Catilina seeks to leap the City of New Rome into a utopian, idealistic future, while his opposition, Mayor Franklyn Cicero, remains committed to a regressive status quo, perpetuating greed, special interests, and partisan warfare. Torn between them is socialite Julia Cicero, the mayor’s daughter, whose love for Cesar has divided her loyalties, forcing her to discover what she truly believes humanity deserves.', 'https://image.tmdb.org/t/p/w500/8Sok3HNA3r1GHnK2lCytHyBz1A.jpg'),
(178, 'Buy Now! The Shopping Conspiracy', 2024, 'This subversive documentary unpacks the tricks brands use to keep their customers consuming — and the real impact they have on our lives and the world.', 'https://image.tmdb.org/t/p/w500/tDcCVlv6oYVpRZw7IX859H3Eshn.jpg'),
(179, 'The Inseparables', 2023, 'The animated buddy movie follows the misadventures of Don, a runaway puppet with boundless imaginations, and DJ Doggy Dog, an abandoned plush looking for a friend, who cross paths in Central Park and team up against all odds for a epic friendship adventure in New York.', 'https://image.tmdb.org/t/p/w500/dmftU2Rnmv9KTteMUwjalOuZHke.jpg'),
(180, 'The Tomorrow War', 2021, 'The world is stunned when a group of time travelers arrive from the year 2051 to deliver an urgent message: Thirty years in the future, mankind is losing a global war against a deadly alien species. The only hope for survival is for soldiers and civilians from the present to be transported to the future and join the fight. Among those recruited is high school teacher and family man Dan Forester. Determined to save the world for his young daughter, Dan teams up with a brilliant scientist and his estranged father in a desperate quest to rewrite the fate of the planet.', 'https://image.tmdb.org/t/p/w500/34nDCQZwaEvsy4CFO5hkGRFDCVU.jpg'),
(181, 'Don\'t Move', 2024, 'A grieving woman in a secluded forest encounters a killer who injects her with a paralytic drug. As her body shuts down, her fight for survival begins.', 'https://image.tmdb.org/t/p/w500/cRDJxdnRb7ikKd6fVJTrGeaL34v.jpg'),
(182, 'Moana', 2026, 'In Ancient Polynesia, when a terrible curse incurred by Maui reaches the island of an impetuous Chieftain, his willful daughter answers the Ocean\'s call to seek out the demigod to set things right.  Live-action adaptation of the 2016 Disney animated film \'Moana\'', 'https://image.tmdb.org/t/p/w500/ys0jZr0quHERDUEoCboGQEKPvgQ.jpg'),
(183, 'Furiosa: A Mad Max Saga', 2024, 'As the world falls, young Furiosa is snatched from the Green Place of Many Mothers into the hands of a great biker horde led by the warlord Dementus. Sweeping through the wasteland, they encounter the citadel presided over by Immortan Joe. The two tyrants wage war for dominance, and Furiosa must survive many trials as she puts together the means to find her way home.', 'https://image.tmdb.org/t/p/w500/iADOJ8Zymht2JPMoy3R7xceZprc.jpg'),
(184, 'BLUE LOCK THE MOVIE -EPISODE NAGI-', 2024, '\"That\'s a hassle.\" That was second-year high schooler Nagi Seishirou\'s favorite phrase as he lived his dull life. Until Mikage Reo, a classmate who dreamed of winning the World Cup, discovered Nagi\'s hidden skill, inspiring him to play soccer and share his outstanding talent. One day, Nagi Seishiro receives an invitation to the mysterious Blue Lock Project. What awaits him there is an encounter with the finest strikers assembled from across the country. Nagi\'s dream of becoming the best, alongside Mikage Reo, will take this prodigy to a world he\'s never known.', 'https://image.tmdb.org/t/p/w500/ae434jM5NG2kKX1rRkG5giMhpPI.jpg'),
(185, 'The Shadow Strays', 2024, 'Skilled in the art of killing, a young assassin defies her mentor to save a boy from a ruthless crime syndicate — and she\'ll destroy anyone in her path.', 'https://image.tmdb.org/t/p/w500/cfkcrKySRyJiIdLo6c6kNSyLFh7.jpg'),
(186, 'How to Train Your Dragon', 2010, 'As the son of a Viking leader on the cusp of manhood, shy Hiccup Horrendous Haddock III faces a rite of passage: he must kill a dragon to prove his warrior mettle. But after downing a feared dragon, he realizes that he no longer wants to destroy it, and instead befriends the beast – which he names Toothless – much to the chagrin of his warrior father.', 'https://image.tmdb.org/t/p/w500/92olhXYaIX6lvB8jwFz4OSfPaKq.jpg'),
(187, 'Busty Girlfriend', 2019, 'Mincheol and Suhee go to greet Minchul father (grandmother) before marriage. Dae - sik welcomes her daughter - in - law, Su - hee. But before marriage, Minchol and Suhee are separated by the difference in personality. Soon-hee, who was only preparing for marriage, is soon to live.', 'https://image.tmdb.org/t/p/w500/f6PfAXtFEkJRcBtOjbzOgz8qqSK.jpg'),
(188, 'Fifty Shades of Grey', 2015, 'When college senior Anastasia Steele steps in for her sick roommate to interview prominent businessman Christian Grey for their campus paper, little does she realize the path her life will take. Christian, as enigmatic as he is rich and powerful, finds himself strangely drawn to Ana, and she to him. Though sexually inexperienced, Ana plunges headlong into an affair -- and learns that Christian\'s true sexual proclivities push the boundaries of pain and pleasure.', 'https://image.tmdb.org/t/p/w500/63kGofUkt1Mx0SIL4XI4Z5AoSgt.jpg'),
(189, 'Red One', 2024, 'After Santa Claus (codename: Red One) is kidnapped, the North Pole\'s Head of Security must team up with the world\'s most infamous bounty hunter in a globe-trotting, action-packed mission to save Christmas.', 'https://image.tmdb.org/t/p/w500/cdqLnri3NEGcmfnqwk2TSIYtddg.jpg'),
(190, 'The Grinch', 2018, 'The Grinch hatches a scheme to ruin Christmas when the residents of Whoville plan their annual holiday celebration.', 'https://image.tmdb.org/t/p/w500/1Bc9VNd9CIHIyJtPKFqSQzrXWru.jpg'),
(191, 'Arena Wars', 2024, 'In 2045 convicted criminals are given the opportunity to compete on the world\'s #1 televised sporting event, Arena Wars. They must survive 7 rooms and 7 of the most vicious killers in the country. If they win, they regain their freedom.', 'https://image.tmdb.org/t/p/w500/4dRtXjk1rcsZlaMJpBn6Nh9cTfO.jpg'),
(192, 'Twisters', 2024, 'As storm season intensifies, the paths of former storm chaser Kate Carter and reckless social-media superstar Tyler Owens collide when terrifying phenomena never seen before are unleashed. The pair and their competing teams find themselves squarely in the paths of multiple storm systems converging over central Oklahoma in the fight of their lives.', 'https://image.tmdb.org/t/p/w500/pjnD08FlMAIXsfOLKQbvmO0f0MD.jpg'),
(193, 'Pimpinero: Blood and Oil', 2024, 'When Juan, a young gasoline smuggler, is forced to work for a mysterious organization in the desert bordering Colombia and Venezuela, his girlfriend Diana embarks on a journey to uncover the secrets that inhabit this no-man’s-land.', 'https://image.tmdb.org/t/p/w500/ouCgGNEC7zOIreWIt3ivgzI8XGf.jpg'),
(194, 'An Almost Christmas Story', 2024, 'A young owl meets a lost little girl in New York City. Together, they try to get home for Christmas.', 'https://image.tmdb.org/t/p/w500/mQC3nIJ9DQ74t9vFzUjqP8eohgX.jpg'),
(195, 'Smile 2', 2024, 'About to embark on a new world tour, global pop sensation Skye Riley begins experiencing increasingly terrifying and inexplicable events. Overwhelmed by the escalating horrors and the pressures of fame, Skye is forced to face her dark past to regain control of her life before it spirals out of control.', 'https://image.tmdb.org/t/p/w500/ht8Uv9QPv9y7K0RvUyJIaXOZTfd.jpg'),
(196, 'Culpa Tuya', 2024, 'The love between Noah and Nick seems unwavering despite their parents\' attempts to separate them. But his job and her entry into college open up their lives to new relationships that will shake the foundations of both their relationship and the Leister family itself.', 'https://image.tmdb.org/t/p/w500/6kYDG8Imfhph2duBYZeYksHgx7L.jpg'),
(197, 'Beetlejuice Beetlejuice', 2024, 'After a family tragedy, three generations of the Deetz family return home to Winter River. Still haunted by Betelgeuse, Lydia\'s life is turned upside down when her teenage daughter, Astrid, accidentally opens the portal to the Afterlife.', 'https://image.tmdb.org/t/p/w500/kKgQzkUCnQmeTPkyIwHly2t6ZFI.jpg'),
(198, 'Bad Boys: Ride or Die', 2024, 'After their late former Captain is framed, Lowrey and Burnett try to clear his name, only to end up on the run themselves.', 'https://image.tmdb.org/t/p/w500/oGythE98MYleE6mZlGs5oBGkux1.jpg'),
(199, 'Brothers', 2024, 'A reformed criminal\'s attempt at going straight is derailed when he reunites with his sanity-testing twin brother on a road trip for the score of a lifetime. Dodging bullets, the law, and an overbearing mother along the way, they must heal their severed family bond before they end up killing each other.', 'https://image.tmdb.org/t/p/w500/Akweo95FGyDpucYVT81h0SbX8Ky.jpg'),
(200, 'Wicked', 2024, 'When ostracized and misunderstood green-skinned Elphaba is forced to share a room with the popular aristocrat Glinda, the two\'s unlikely friendship is tested as they begin to fulfill their respective destinies as Glinda the Good and the Wicked Witch of the West.', 'https://image.tmdb.org/t/p/w500/c5Tqxeo1UpBvnAc3csUm7j3hlQl.jpg');

-- --------------------------------------------------------

--
-- Struktura tabeli dla tabeli `movies_movie_cast`
--

CREATE TABLE `movies_movie_cast` (
  `id` bigint(20) NOT NULL,
  `movie_id` bigint(20) NOT NULL,
  `castmember_id` bigint(20) NOT NULL
) ENGINE=InnoDB DEFAULT CHARSET=utf8mb4 COLLATE=utf8mb4_general_ci;

--
-- Dumping data for table `movies_movie_cast`
--

INSERT INTO `movies_movie_cast` (`id`, `movie_id`, `castmember_id`) VALUES
(233, 1, 1),
(234, 1, 2),
(235, 1, 3),
(236, 1, 4),
(237, 1, 5),
(238, 2, 6),
(239, 2, 7),
(240, 2, 8),
(241, 2, 9),
(242, 2, 10),
(243, 3, 11),
(244, 3, 12),
(245, 3, 13),
(246, 3, 14),
(247, 3, 15),
(248, 4, 16),
(249, 4, 17),
(250, 4, 18),
(251, 4, 19),
(252, 4, 20),
(253, 5, 21),
(254, 5, 22),
(255, 5, 23),
(256, 5, 24),
(257, 5, 25),
(258, 6, 26),
(259, 6, 27),
(260, 6, 28),
(261, 6, 29),
(262, 6, 30),
(263, 7, 31),
(264, 7, 32),
(265, 7, 33),
(266, 7, 34),
(267, 7, 35),
(268, 8, 36),
(269, 8, 37),
(270, 8, 38),
(271, 8, 39),
(272, 8, 40),
(273, 9, 41),
(274, 9, 42),
(275, 9, 43),
(276, 9, 44),
(277, 9, 45),
(278, 10, 46),
(279, 10, 47),
(280, 10, 48),
(281, 10, 49),
(282, 10, 50),
(283, 11, 51),
(284, 11, 52),
(285, 11, 53),
(286, 11, 54),
(287, 11, 55),
(288, 12, 56),
(289, 12, 57),
(290, 12, 58),
(291, 12, 59),
(292, 12, 60),
(293, 13, 61),
(294, 13, 62),
(295, 13, 63),
(296, 13, 64),
(297, 13, 65),
(298, 14, 66),
(299, 14, 67),
(300, 14, 68),
(301, 14, 69),
(302, 14, 70),
(303, 15, 71),
(304, 15, 72),
(305, 15, 73),
(306, 15, 74),
(307, 15, 75),
(310, 16, 21),
(308, 16, 76),
(309, 16, 77),
(311, 16, 78),
(312, 16, 79),
(313, 17, 80),
(314, 17, 81),
(315, 17, 82),
(316, 17, 83),
(317, 17, 84),
(318, 18, 85),
(319, 18, 86),
(320, 18, 87),
(321, 18, 88),
(322, 18, 89),
(323, 19, 90),
(324, 19, 91),
(325, 19, 92),
(326, 19, 93),
(327, 19, 94),
(328, 20, 95),
(329, 20, 96),
(330, 20, 97),
(331, 20, 98),
(332, 20, 99),
(335, 21, 57),
(333, 21, 100),
(334, 21, 101),
(336, 21, 102),
(337, 21, 103),
(338, 22, 104),
(339, 22, 105),
(340, 22, 106),
(341, 22, 107),
(342, 22, 108),
(343, 23, 109),
(344, 23, 110),
(345, 23, 111),
(346, 23, 112),
(347, 23, 113),
(348, 24, 114),
(349, 24, 115),
(350, 24, 116),
(351, 24, 117),
(352, 24, 118),
(353, 25, 119),
(354, 25, 120),
(355, 25, 121),
(356, 25, 122),
(357, 25, 123),
(358, 26, 124),
(359, 26, 125),
(360, 26, 126),
(361, 26, 127),
(362, 26, 128),
(363, 27, 129),
(364, 27, 130),
(365, 27, 131),
(366, 27, 132),
(367, 27, 133),
(368, 28, 134),
(369, 28, 135),
(370, 28, 136),
(371, 28, 137),
(372, 28, 138),
(373, 29, 139),
(374, 29, 140),
(375, 29, 141),
(376, 29, 142),
(377, 29, 143),
(378, 30, 144),
(379, 30, 145),
(380, 30, 146),
(381, 30, 147),
(382, 30, 148),
(383, 31, 149),
(384, 31, 150),
(385, 31, 151),
(386, 31, 152),
(387, 31, 153),
(388, 32, 154),
(389, 32, 155),
(390, 32, 156),
(391, 32, 157),
(392, 32, 158),
(393, 33, 101),
(394, 33, 159),
(395, 33, 160),
(396, 33, 161),
(397, 33, 162),
(398, 34, 163),
(399, 34, 164),
(400, 34, 165),
(401, 34, 166),
(402, 34, 167),
(403, 35, 168),
(404, 35, 169),
(405, 35, 170),
(406, 35, 171),
(407, 35, 172),
(409, 36, 130),
(408, 36, 173),
(410, 36, 174),
(411, 36, 175),
(412, 36, 176),
(413, 37, 177),
(414, 37, 178),
(415, 37, 179),
(416, 37, 180),
(417, 37, 181),
(418, 38, 182),
(419, 38, 183),
(420, 38, 184),
(421, 38, 185),
(422, 38, 186),
(423, 39, 59),
(427, 39, 102),
(424, 39, 187),
(425, 39, 188),
(426, 39, 189),
(428, 40, 182),
(429, 40, 183),
(430, 40, 184),
(431, 40, 185),
(432, 40, 190),
(433, 41, 191),
(434, 41, 192),
(435, 41, 193),
(436, 41, 194),
(437, 41, 195),
(438, 42, 196),
(439, 42, 197),
(440, 42, 198),
(441, 42, 199),
(442, 42, 200),
(443, 43, 201),
(444, 43, 202),
(445, 43, 203),
(446, 43, 204),
(447, 43, 205),
(448, 44, 206),
(449, 44, 207),
(450, 44, 208),
(451, 44, 209),
(452, 44, 210),
(453, 45, 211),
(454, 45, 212),
(455, 45, 213),
(456, 45, 214),
(457, 45, 215),
(461, 46, 31),
(458, 46, 216),
(459, 46, 217),
(460, 46, 218),
(462, 46, 219),
(463, 47, 220),
(464, 47, 221),
(465, 47, 222),
(466, 47, 223),
(467, 47, 224),
(468, 48, 225),
(469, 48, 226),
(470, 48, 227),
(471, 48, 228),
(472, 48, 229),
(473, 49, 230),
(474, 49, 231),
(475, 49, 232),
(476, 49, 233),
(477, 49, 234),
(479, 50, 117),
(480, 50, 118),
(478, 50, 235),
(481, 50, 236),
(482, 50, 237),
(483, 51, 238),
(484, 51, 239),
(485, 51, 240),
(486, 51, 241),
(487, 51, 242),
(488, 52, 243),
(489, 52, 244),
(490, 52, 245),
(491, 52, 246),
(492, 52, 247),
(493, 53, 95),
(494, 53, 248),
(495, 53, 249),
(496, 53, 250),
(497, 53, 251),
(498, 54, 252),
(499, 54, 253),
(500, 54, 254),
(501, 54, 255),
(502, 54, 256),
(503, 55, 257),
(504, 55, 258),
(505, 55, 259),
(506, 55, 260),
(507, 55, 261),
(508, 56, 262),
(509, 56, 263),
(510, 56, 264),
(511, 56, 265),
(512, 56, 266),
(513, 57, 109),
(514, 57, 267),
(515, 57, 268),
(516, 57, 269),
(517, 57, 270),
(521, 58, 268),
(518, 58, 271),
(519, 58, 272),
(520, 58, 273),
(522, 58, 274),
(523, 59, 264),
(524, 59, 275),
(525, 59, 276),
(526, 59, 277),
(527, 59, 278),
(530, 60, 100),
(531, 60, 109),
(528, 60, 119),
(529, 60, 279),
(532, 60, 280),
(535, 61, 104),
(536, 61, 148),
(533, 61, 281),
(534, 61, 282),
(537, 61, 283),
(538, 62, 284),
(539, 62, 285),
(540, 62, 286),
(541, 62, 287),
(542, 62, 288),
(545, 63, 104),
(543, 63, 281),
(544, 63, 282),
(546, 63, 289),
(547, 63, 290),
(550, 64, 104),
(548, 64, 281),
(549, 64, 282),
(551, 64, 291),
(552, 64, 292),
(553, 65, 293),
(554, 65, 294),
(555, 65, 295),
(556, 65, 296),
(557, 65, 297),
(560, 66, 105),
(558, 66, 298),
(559, 66, 299),
(561, 66, 300),
(562, 66, 301),
(563, 67, 302),
(564, 67, 303),
(565, 67, 304),
(566, 67, 305),
(567, 67, 306),
(568, 68, 307),
(569, 68, 308),
(570, 68, 309),
(571, 68, 310),
(572, 68, 311),
(573, 69, 312),
(574, 69, 313),
(575, 69, 314),
(576, 69, 315),
(577, 69, 316),
(578, 70, 317),
(579, 70, 318),
(580, 70, 319),
(581, 70, 320),
(582, 70, 321),
(583, 71, 322),
(584, 71, 323),
(585, 71, 324),
(586, 71, 325),
(587, 71, 326),
(588, 72, 327),
(589, 72, 328),
(590, 72, 329),
(591, 72, 330),
(592, 72, 331),
(593, 73, 332),
(594, 73, 333),
(595, 73, 334),
(596, 73, 335),
(597, 73, 336),
(598, 74, 337),
(599, 74, 338),
(600, 74, 339),
(601, 74, 340),
(602, 74, 341),
(603, 75, 342),
(604, 75, 343),
(605, 75, 344),
(606, 75, 345),
(607, 75, 346),
(608, 76, 347),
(609, 76, 348),
(610, 76, 349),
(611, 76, 350),
(612, 76, 351),
(613, 77, 352),
(614, 77, 353),
(615, 77, 354),
(616, 77, 355),
(617, 77, 356),
(618, 78, 357),
(619, 78, 358),
(620, 78, 359),
(621, 78, 360),
(622, 78, 361),
(623, 79, 362),
(624, 79, 363),
(625, 79, 364),
(626, 79, 365),
(627, 79, 366),
(628, 80, 367),
(629, 80, 368),
(630, 80, 369),
(631, 80, 370),
(632, 80, 371),
(633, 81, 372),
(634, 81, 373),
(635, 81, 374),
(636, 81, 375),
(637, 81, 376),
(638, 82, 377),
(639, 82, 378),
(640, 82, 379),
(641, 82, 380),
(642, 82, 381),
(647, 83, 26),
(644, 83, 61),
(643, 83, 382),
(645, 83, 383),
(646, 83, 384),
(648, 84, 385),
(649, 84, 386),
(650, 84, 387),
(651, 84, 388),
(652, 84, 389),
(653, 85, 46),
(657, 85, 49),
(656, 85, 50),
(655, 85, 76),
(654, 85, 293),
(658, 86, 390),
(659, 86, 391),
(660, 86, 392),
(661, 86, 393),
(662, 86, 394),
(663, 87, 114),
(664, 87, 395),
(665, 87, 396),
(666, 87, 397),
(667, 87, 398),
(668, 88, 399),
(669, 88, 400),
(670, 88, 401),
(671, 88, 402),
(672, 88, 403),
(673, 89, 250),
(674, 89, 404),
(675, 89, 405),
(676, 89, 406),
(677, 89, 407),
(678, 90, 408),
(679, 90, 409),
(680, 90, 410),
(681, 90, 411),
(682, 90, 412),
(685, 91, 31),
(683, 91, 413),
(684, 91, 414),
(686, 91, 415),
(687, 91, 416),
(691, 92, 38),
(690, 92, 118),
(688, 92, 417),
(689, 92, 418),
(692, 92, 419),
(693, 93, 420),
(694, 93, 421),
(695, 93, 422),
(696, 93, 423),
(697, 93, 424),
(698, 94, 425),
(699, 94, 426),
(700, 94, 427),
(701, 94, 428),
(702, 94, 429),
(703, 95, 430),
(704, 95, 431),
(705, 95, 432),
(706, 95, 433),
(707, 95, 434),
(708, 96, 435),
(709, 96, 436),
(710, 96, 437),
(711, 96, 438),
(712, 96, 439),
(713, 97, 440),
(714, 97, 441),
(715, 97, 442),
(716, 97, 443),
(717, 97, 444),
(718, 98, 445),
(719, 98, 446),
(720, 98, 447),
(721, 98, 448),
(722, 98, 449),
(723, 99, 450),
(724, 99, 451),
(725, 99, 452),
(726, 99, 453),
(727, 99, 454),
(730, 100, 299),
(728, 100, 455),
(729, 100, 456),
(731, 100, 457),
(732, 100, 458),
(733, 101, 459),
(734, 101, 460),
(735, 101, 461),
(736, 101, 462),
(737, 101, 463),
(742, 102, 153),
(738, 102, 267),
(739, 102, 464),
(740, 102, 465),
(741, 102, 466),
(743, 103, 149),
(744, 103, 467),
(745, 103, 468),
(746, 103, 469),
(747, 103, 470),
(748, 104, 56),
(752, 104, 57),
(749, 104, 59),
(750, 104, 60),
(751, 104, 471),
(753, 105, 472),
(754, 105, 473),
(755, 105, 474),
(756, 105, 475),
(757, 105, 476),
(759, 106, 10),
(758, 106, 117),
(760, 106, 477),
(761, 106, 478),
(762, 106, 479),
(763, 107, 480),
(764, 107, 481),
(765, 107, 482),
(766, 107, 483),
(767, 107, 484),
(768, 108, 485),
(769, 108, 486),
(770, 108, 487),
(771, 108, 488),
(772, 108, 489),
(773, 109, 413),
(774, 109, 490),
(775, 109, 491),
(776, 109, 492),
(777, 109, 493),
(778, 110, 284),
(779, 110, 494),
(780, 110, 495),
(781, 110, 496),
(782, 110, 497),
(787, 111, 219),
(783, 111, 498),
(784, 111, 499),
(785, 111, 500),
(786, 111, 501),
(788, 112, 502),
(789, 112, 503),
(790, 113, 273),
(791, 113, 504),
(792, 113, 505),
(793, 113, 506),
(794, 113, 507),
(795, 114, 508),
(796, 114, 509),
(797, 114, 510),
(798, 114, 511),
(799, 114, 512),
(800, 115, 513),
(801, 115, 514),
(802, 115, 515),
(803, 115, 516),
(804, 115, 517),
(805, 116, 518),
(806, 116, 519),
(807, 116, 520),
(808, 116, 521),
(809, 116, 522),
(810, 117, 523),
(811, 117, 524),
(812, 117, 525),
(813, 117, 526),
(814, 117, 527),
(815, 118, 528),
(816, 118, 529),
(817, 118, 530),
(818, 118, 531),
(819, 118, 532),
(820, 119, 409),
(821, 119, 533),
(822, 119, 534),
(823, 119, 535),
(824, 119, 536),
(828, 120, 401),
(825, 120, 537),
(826, 120, 538),
(827, 120, 539),
(829, 120, 540),
(831, 121, 284),
(830, 121, 285),
(833, 121, 286),
(832, 121, 495),
(834, 121, 541),
(835, 122, 542),
(836, 122, 543),
(837, 122, 544),
(838, 122, 545),
(839, 122, 546),
(840, 123, 450),
(841, 123, 451),
(842, 123, 452),
(843, 123, 453),
(844, 123, 454),
(845, 124, 547),
(846, 124, 548),
(847, 124, 549),
(848, 124, 550),
(849, 124, 551),
(850, 125, 552),
(851, 125, 553),
(852, 125, 554),
(853, 125, 555),
(854, 125, 556),
(855, 126, 557),
(856, 126, 558),
(857, 126, 559),
(858, 126, 560),
(859, 126, 561),
(861, 127, 501),
(862, 127, 523),
(860, 127, 562),
(863, 127, 563),
(864, 127, 564),
(865, 128, 565),
(866, 128, 566),
(867, 128, 567),
(868, 128, 568),
(869, 128, 569),
(874, 129, 120),
(870, 129, 570),
(871, 129, 571),
(872, 129, 572),
(873, 129, 573),
(875, 130, 574),
(876, 130, 575),
(877, 130, 576),
(878, 130, 577),
(879, 130, 578),
(880, 131, 33),
(882, 131, 112),
(883, 131, 118),
(881, 131, 299),
(884, 131, 579),
(885, 132, 580),
(886, 132, 581),
(887, 132, 582),
(888, 132, 583),
(889, 132, 584),
(890, 133, 585),
(891, 133, 586),
(892, 133, 587),
(893, 133, 588),
(894, 133, 589),
(896, 134, 219),
(895, 134, 590),
(897, 134, 591),
(898, 134, 592),
(899, 134, 593),
(901, 135, 144),
(900, 135, 594),
(902, 135, 595),
(903, 135, 596),
(904, 135, 597),
(905, 136, 598),
(906, 136, 599),
(907, 136, 600),
(908, 136, 601),
(909, 136, 602),
(913, 137, 47),
(911, 137, 391),
(910, 137, 414),
(912, 137, 603),
(914, 137, 604),
(917, 138, 484),
(915, 138, 605),
(916, 138, 606),
(918, 138, 607),
(919, 138, 608),
(920, 139, 609),
(921, 139, 610),
(922, 139, 611),
(923, 139, 612),
(924, 139, 613),
(925, 140, 614),
(926, 140, 615),
(927, 140, 616),
(928, 140, 617),
(929, 140, 618),
(930, 141, 595),
(931, 141, 619),
(932, 141, 620),
(933, 141, 621),
(934, 141, 622),
(935, 142, 623),
(936, 142, 624),
(937, 142, 625),
(938, 142, 626),
(939, 142, 627),
(940, 143, 628),
(941, 143, 629),
(942, 143, 630),
(943, 143, 631),
(944, 143, 632),
(945, 144, 633),
(946, 144, 634),
(947, 144, 635),
(948, 144, 636),
(949, 144, 637),
(951, 145, 430),
(950, 145, 638),
(952, 145, 639),
(953, 145, 640),
(954, 145, 641),
(955, 146, 642),
(956, 146, 643),
(957, 146, 644),
(958, 146, 645),
(959, 146, 646),
(960, 147, 647),
(961, 147, 648),
(962, 147, 649),
(963, 147, 650),
(964, 147, 651),
(965, 148, 652),
(966, 148, 653),
(967, 148, 654),
(968, 148, 655),
(969, 148, 656),
(970, 149, 417),
(971, 149, 657),
(972, 149, 658),
(973, 149, 659),
(974, 149, 660),
(975, 150, 661),
(976, 150, 662),
(977, 150, 663),
(978, 150, 664),
(979, 150, 665),
(980, 151, 161),
(981, 151, 666),
(982, 151, 667),
(983, 151, 668),
(984, 151, 669),
(985, 152, 670),
(986, 152, 671),
(987, 152, 672),
(988, 152, 673),
(989, 152, 674),
(994, 153, 96),
(993, 153, 146),
(992, 153, 248),
(990, 153, 675),
(991, 153, 676),
(995, 154, 676),
(996, 154, 677),
(997, 154, 678),
(998, 154, 679),
(999, 154, 680),
(1000, 155, 681),
(1001, 155, 682),
(1002, 155, 683),
(1003, 155, 684),
(1004, 155, 685),
(1005, 156, 614),
(1006, 156, 615),
(1007, 156, 686),
(1008, 156, 687),
(1009, 156, 688),
(1013, 157, 484),
(1014, 157, 605),
(1010, 157, 606),
(1011, 157, 607),
(1012, 157, 689),
(1015, 158, 149),
(1017, 158, 150),
(1019, 158, 153),
(1016, 158, 690),
(1018, 158, 691),
(1020, 159, 145),
(1022, 159, 291),
(1021, 159, 692),
(1023, 159, 693),
(1024, 159, 694),
(1025, 160, 695),
(1026, 160, 696),
(1027, 160, 697),
(1028, 160, 698),
(1029, 160, 699),
(1034, 161, 34),
(1030, 161, 417),
(1031, 161, 490),
(1032, 161, 657),
(1033, 161, 700),
(1038, 162, 395),
(1035, 162, 701),
(1036, 162, 702),
(1037, 162, 703),
(1039, 162, 704),
(1043, 163, 169),
(1040, 163, 705),
(1041, 163, 706),
(1042, 163, 707),
(1044, 163, 708),
(1045, 164, 709),
(1046, 164, 710),
(1047, 164, 711),
(1048, 164, 712),
(1049, 164, 713),
(1050, 165, 220),
(1051, 165, 714),
(1052, 165, 715),
(1053, 165, 716),
(1054, 166, 717),
(1055, 166, 718),
(1056, 166, 719),
(1057, 166, 720),
(1058, 166, 721),
(1063, 167, 168),
(1059, 167, 722),
(1060, 167, 723),
(1061, 167, 724),
(1062, 167, 725),
(1064, 168, 726),
(1065, 168, 727),
(1066, 168, 728),
(1067, 168, 729),
(1068, 168, 730),
(1069, 169, 731),
(1070, 169, 732),
(1071, 169, 733),
(1072, 169, 734),
(1073, 169, 735),
(1074, 170, 736),
(1075, 170, 737),
(1076, 170, 738),
(1077, 170, 739),
(1078, 170, 740),
(1079, 171, 741),
(1080, 171, 742),
(1081, 171, 743),
(1082, 171, 744),
(1083, 171, 745),
(1084, 172, 746),
(1085, 172, 747),
(1086, 172, 748),
(1087, 172, 749),
(1088, 172, 750),
(1089, 174, 751),
(1090, 174, 752),
(1091, 174, 753),
(1092, 174, 754),
(1093, 174, 755),
(1094, 175, 756),
(1095, 175, 757),
(1096, 175, 758),
(1097, 175, 759),
(1098, 175, 760),
(1099, 176, 761),
(1100, 176, 762),
(1101, 176, 763),
(1102, 176, 764),
(1103, 176, 765),
(1107, 177, 323),
(1104, 177, 766),
(1105, 177, 767),
(1106, 177, 768),
(1108, 177, 769),
(1109, 178, 770),
(1110, 178, 771),
(1111, 178, 772),
(1112, 178, 773),
(1113, 178, 774),
(1114, 179, 775),
(1115, 179, 776),
(1116, 179, 777),
(1117, 179, 778),
(1118, 179, 779),
(1119, 180, 114),
(1121, 180, 410),
(1120, 180, 780),
(1122, 180, 781),
(1123, 180, 782),
(1124, 181, 783),
(1125, 181, 784),
(1126, 181, 785),
(1127, 181, 786),
(1128, 181, 787),
(1130, 182, 615),
(1129, 182, 788),
(1131, 182, 789),
(1132, 182, 790),
(1133, 182, 791),
(1135, 183, 33),
(1134, 183, 115),
(1136, 183, 792),
(1137, 183, 793),
(1138, 183, 794),
(1139, 184, 795),
(1140, 184, 796),
(1141, 184, 797),
(1142, 184, 798),
(1143, 184, 799),
(1144, 185, 800),
(1145, 185, 801),
(1146, 185, 802),
(1147, 185, 803),
(1148, 185, 804),
(1149, 186, 56),
(1152, 186, 57),
(1150, 186, 60),
(1153, 186, 279),
(1151, 186, 471),
(1154, 187, 714),
(1155, 187, 805),
(1156, 187, 806),
(1157, 187, 807),
(1158, 188, 808),
(1159, 188, 809),
(1160, 188, 810),
(1161, 188, 811),
(1162, 188, 812),
(1164, 189, 32),
(1165, 189, 410),
(1163, 189, 615),
(1166, 189, 813),
(1167, 189, 814),
(1168, 190, 491),
(1169, 190, 815),
(1170, 190, 816),
(1171, 190, 817),
(1172, 190, 818),
(1173, 191, 819),
(1174, 191, 820),
(1175, 191, 821),
(1176, 191, 822),
(1177, 191, 823),
(1180, 192, 705),
(1178, 192, 824),
(1179, 192, 825),
(1181, 192, 826),
(1182, 192, 827),
(1183, 193, 828),
(1184, 193, 829),
(1185, 193, 830),
(1186, 193, 831),
(1187, 194, 832),
(1188, 194, 833),
(1189, 194, 834),
(1190, 194, 835),
(1191, 194, 836),
(1193, 195, 649),
(1192, 195, 837),
(1194, 195, 838),
(1195, 195, 839),
(1196, 195, 840),
(1197, 196, 717),
(1198, 196, 718),
(1200, 196, 719),
(1199, 196, 720),
(1201, 196, 721),
(1202, 197, 414),
(1204, 197, 448),
(1203, 197, 841),
(1205, 197, 842),
(1206, 197, 843),
(1207, 198, 844),
(1208, 198, 845),
(1209, 198, 846),
(1210, 198, 847),
(1211, 198, 848),
(1212, 199, 34),
(1213, 199, 708),
(1214, 199, 849),
(1215, 199, 850),
(1216, 199, 851),
(1217, 200, 450),
(1218, 200, 451),
(1220, 200, 452),
(1221, 200, 453),
(1219, 200, 454);

-- --------------------------------------------------------

--
-- Struktura tabeli dla tabeli `movies_movie_directors`
--

CREATE TABLE `movies_movie_directors` (
  `id` bigint(20) NOT NULL,
  `movie_id` bigint(20) NOT NULL,
  `director_id` bigint(20) NOT NULL
) ENGINE=InnoDB DEFAULT CHARSET=utf8mb4 COLLATE=utf8mb4_general_ci;

--
-- Dumping data for table `movies_movie_directors`
--

INSERT INTO `movies_movie_directors` (`id`, `movie_id`, `director_id`) VALUES
(115, 1, 1),
(116, 2, 2),
(117, 3, 3),
(118, 4, 4),
(119, 5, 5),
(120, 6, 6),
(121, 7, 7),
(122, 7, 8),
(123, 8, 9),
(124, 8, 10),
(125, 9, 11),
(126, 10, 12),
(127, 11, 13),
(128, 12, 14),
(129, 13, 15),
(130, 14, 3),
(131, 15, 16),
(132, 16, 17),
(133, 17, 18),
(134, 18, 19),
(135, 19, 20),
(136, 20, 21),
(137, 21, 22),
(138, 22, 23),
(139, 23, 24),
(140, 24, 25),
(141, 24, 26),
(142, 25, 27),
(143, 26, 28),
(144, 27, 29),
(145, 28, 30),
(146, 29, 31),
(147, 30, 32),
(148, 31, 33),
(149, 32, 34),
(150, 33, 35),
(151, 34, 36),
(152, 35, 37),
(153, 36, 38),
(154, 36, 39),
(155, 37, 40),
(156, 38, 41),
(157, 39, 42),
(158, 40, 41),
(159, 41, 43),
(160, 42, 44),
(161, 43, 45),
(162, 44, 46),
(163, 45, 47),
(164, 46, 48),
(165, 47, 49),
(166, 48, 50),
(167, 49, 51),
(168, 50, 52),
(169, 51, 53),
(170, 52, 54),
(171, 53, 55),
(172, 54, 56),
(173, 55, 57),
(174, 56, 58),
(175, 57, 48),
(176, 58, 48),
(177, 59, 59),
(178, 60, 60),
(179, 61, 61),
(180, 62, 62),
(181, 63, 61),
(182, 64, 63),
(183, 65, 64),
(184, 66, 65),
(185, 67, 66),
(186, 68, 67),
(187, 69, 68),
(188, 70, 69),
(189, 71, 70),
(190, 72, 71),
(191, 73, 72),
(192, 74, 73),
(193, 75, 74),
(194, 76, 75),
(195, 77, 76),
(196, 78, 77),
(197, 79, 78),
(198, 80, 79),
(199, 80, 80),
(200, 81, 81),
(201, 82, 82),
(202, 83, 83),
(203, 84, 84),
(204, 85, 12),
(205, 86, 85),
(206, 87, 86),
(207, 88, 87),
(208, 89, 88),
(209, 90, 89),
(210, 91, 90),
(211, 92, 91),
(212, 93, 92),
(213, 94, 93),
(214, 95, 94),
(215, 96, 90),
(216, 97, 95),
(217, 98, 61),
(218, 99, 96),
(219, 100, 97),
(220, 100, 98),
(221, 100, 99),
(222, 101, 100),
(223, 102, 101),
(224, 103, 102),
(225, 104, 14),
(226, 105, 103),
(227, 106, 104),
(228, 107, 105),
(229, 108, 106),
(230, 109, 90),
(231, 110, 62),
(232, 111, 107),
(233, 112, 108),
(234, 112, 109),
(235, 113, 110),
(236, 114, 111),
(237, 115, 112),
(238, 115, 113),
(239, 116, 114),
(240, 117, 115),
(241, 118, 116),
(242, 119, 117),
(244, 120, 28),
(243, 120, 118),
(245, 121, 62),
(246, 122, 119),
(247, 123, 120),
(248, 124, 121),
(249, 125, 122),
(250, 126, 123),
(251, 127, 124),
(252, 128, 125),
(253, 129, 27),
(254, 130, 126),
(255, 131, 127),
(256, 132, 128),
(257, 132, 129),
(258, 133, 130),
(259, 134, 131),
(260, 135, 132),
(261, 136, 133),
(262, 137, 134),
(263, 138, 135),
(264, 139, 136),
(265, 140, 137),
(266, 140, 138),
(267, 141, 139),
(268, 141, 140),
(269, 142, 141),
(270, 143, 142),
(271, 144, 143),
(272, 145, 144),
(273, 146, 145),
(274, 147, 146),
(275, 148, 147),
(276, 149, 35),
(277, 150, 148),
(278, 150, 149),
(279, 151, 150),
(280, 152, 151),
(281, 153, 32),
(282, 154, 152),
(283, 155, 153),
(284, 156, 154),
(285, 156, 155),
(286, 156, 156),
(287, 157, 157),
(288, 157, 158),
(289, 157, 159),
(290, 157, 160),
(291, 157, 161),
(292, 158, 162),
(293, 159, 163),
(294, 160, 164),
(295, 161, 35),
(296, 162, 165),
(297, 163, 166),
(298, 164, 167),
(299, 165, 168),
(300, 166, 169),
(301, 167, 118),
(302, 168, 170),
(303, 169, 171),
(304, 170, 172),
(305, 171, 32),
(306, 172, 173),
(307, 173, 174),
(308, 174, 175),
(309, 175, 176),
(310, 176, 177),
(311, 176, 178),
(312, 177, 85),
(313, 178, 179),
(314, 179, 180),
(315, 180, 181),
(316, 181, 182),
(317, 181, 183),
(318, 182, 184),
(319, 183, 185),
(320, 184, 186),
(321, 185, 187),
(322, 186, 14),
(323, 186, 55),
(324, 187, 188),
(325, 188, 189),
(326, 189, 190),
(327, 190, 191),
(328, 190, 192),
(329, 191, 193),
(330, 192, 194),
(331, 193, 195),
(332, 194, 196),
(333, 195, 171),
(334, 196, 169),
(335, 197, 197),
(336, 198, 198),
(337, 198, 199),
(338, 199, 200),
(339, 200, 96);

-- --------------------------------------------------------

--
-- Struktura tabeli dla tabeli `movies_movie_genres`
--

CREATE TABLE `movies_movie_genres` (
  `id` bigint(20) NOT NULL,
  `movie_id` bigint(20) NOT NULL,
  `genre_id` bigint(20) NOT NULL
) ENGINE=InnoDB DEFAULT CHARSET=utf8mb4 COLLATE=utf8mb4_general_ci;

--
-- Dumping data for table `movies_movie_genres`
--

INSERT INTO `movies_movie_genres` (`id`, `movie_id`, `genre_id`) VALUES
(345, 1, 1),
(346, 1, 2),
(347, 1, 3),
(349, 2, 1),
(348, 2, 4),
(350, 2, 5),
(351, 2, 6),
(352, 2, 7),
(353, 3, 1),
(355, 3, 2),
(356, 3, 3),
(354, 3, 8),
(359, 4, 1),
(357, 4, 4),
(358, 4, 5),
(361, 4, 7),
(360, 4, 9),
(362, 5, 1),
(363, 5, 9),
(364, 5, 10),
(368, 6, 1),
(365, 6, 4),
(367, 6, 6),
(366, 6, 7),
(370, 7, 1),
(371, 7, 2),
(369, 7, 5),
(373, 8, 3),
(372, 8, 10),
(374, 9, 11),
(375, 10, 1),
(376, 10, 5),
(378, 10, 6),
(377, 10, 7),
(380, 11, 2),
(381, 11, 3),
(379, 11, 10),
(382, 12, 4),
(384, 12, 5),
(383, 12, 7),
(385, 13, 1),
(387, 13, 2),
(386, 13, 6),
(390, 14, 1),
(388, 14, 2),
(389, 14, 5),
(391, 15, 10),
(392, 16, 1),
(393, 16, 3),
(394, 16, 12),
(396, 17, 6),
(395, 17, 13),
(398, 18, 3),
(397, 18, 10),
(400, 19, 11),
(399, 19, 13),
(402, 20, 2),
(403, 20, 3),
(401, 20, 10),
(405, 21, 5),
(404, 21, 6),
(406, 22, 7),
(407, 22, 9),
(408, 22, 13),
(409, 23, 4),
(411, 23, 6),
(410, 23, 7),
(412, 23, 10),
(413, 24, 4),
(415, 24, 5),
(417, 24, 6),
(414, 24, 7),
(416, 24, 9),
(418, 25, 11),
(419, 25, 13),
(420, 26, 4),
(423, 26, 5),
(424, 26, 6),
(422, 26, 7),
(421, 26, 9),
(425, 27, 2),
(426, 27, 3),
(427, 27, 10),
(428, 28, 11),
(429, 28, 13),
(431, 29, 4),
(433, 29, 5),
(430, 29, 7),
(432, 29, 14),
(434, 30, 1),
(436, 30, 5),
(435, 30, 11),
(438, 31, 1),
(437, 31, 2),
(439, 32, 6),
(440, 33, 2),
(441, 33, 11),
(442, 34, 1),
(444, 34, 3),
(443, 34, 10),
(445, 35, 1),
(448, 35, 3),
(446, 35, 11),
(447, 35, 12),
(450, 36, 11),
(449, 36, 13),
(451, 37, 5),
(453, 37, 7),
(452, 37, 9),
(456, 38, 1),
(454, 38, 5),
(455, 38, 9),
(457, 39, 1),
(458, 39, 2),
(459, 39, 6),
(462, 40, 1),
(460, 40, 5),
(461, 40, 9),
(463, 41, 1),
(466, 41, 2),
(464, 41, 3),
(465, 41, 10),
(467, 42, 1),
(468, 42, 3),
(469, 42, 10),
(470, 43, 1),
(471, 43, 2),
(472, 44, 2),
(473, 44, 10),
(475, 45, 8),
(476, 45, 10),
(474, 45, 11),
(477, 46, 11),
(478, 46, 15),
(479, 47, 13),
(480, 48, 5),
(481, 48, 7),
(482, 48, 11),
(484, 49, 1),
(486, 49, 2),
(483, 49, 4),
(485, 49, 5),
(487, 50, 6),
(488, 50, 9),
(490, 51, 5),
(492, 51, 6),
(489, 51, 7),
(491, 51, 9),
(493, 52, 1),
(494, 52, 3),
(496, 53, 2),
(495, 53, 4),
(497, 53, 7),
(499, 54, 11),
(500, 54, 15),
(498, 54, 16),
(501, 55, 11),
(502, 56, 1),
(504, 56, 3),
(503, 56, 12),
(507, 57, 2),
(505, 57, 5),
(506, 57, 11),
(509, 58, 1),
(511, 58, 3),
(508, 58, 11),
(510, 58, 12),
(513, 59, 3),
(512, 59, 12),
(516, 60, 6),
(515, 60, 11),
(514, 60, 12),
(517, 61, 5),
(518, 61, 9),
(520, 62, 3),
(519, 62, 10),
(521, 63, 5),
(522, 63, 9),
(523, 64, 5),
(524, 64, 9),
(526, 65, 6),
(525, 65, 7),
(527, 65, 9),
(528, 66, 1),
(530, 66, 2),
(529, 66, 5),
(532, 67, 8),
(531, 67, 10),
(533, 68, 1),
(534, 68, 3),
(535, 69, 1),
(536, 69, 3),
(537, 70, 1),
(539, 70, 3),
(538, 70, 12),
(540, 71, 6),
(541, 71, 11),
(542, 72, 1),
(544, 72, 11),
(543, 72, 12),
(545, 73, 4),
(546, 73, 6),
(547, 74, 1),
(549, 74, 3),
(548, 74, 12),
(550, 75, 11),
(551, 75, 13),
(554, 76, 6),
(553, 76, 11),
(552, 76, 13),
(556, 77, 3),
(555, 77, 10),
(559, 78, 3),
(558, 78, 8),
(557, 78, 12),
(560, 79, 6),
(561, 79, 13),
(563, 80, 1),
(562, 80, 12),
(564, 81, 4),
(565, 81, 6),
(566, 81, 7),
(567, 81, 9),
(568, 82, 5),
(570, 82, 8),
(569, 82, 9),
(571, 82, 10),
(572, 83, 6),
(574, 83, 7),
(573, 83, 9),
(575, 84, 1),
(577, 84, 4),
(576, 84, 5),
(578, 84, 9),
(582, 85, 2),
(579, 85, 5),
(580, 85, 6),
(581, 85, 7),
(583, 86, 11),
(584, 86, 12),
(589, 87, 1),
(585, 87, 4),
(588, 87, 5),
(586, 87, 6),
(587, 87, 7),
(591, 88, 3),
(590, 88, 8),
(592, 88, 11),
(593, 89, 11),
(594, 90, 1),
(595, 90, 6),
(596, 91, 1),
(598, 91, 2),
(597, 91, 5),
(599, 91, 11),
(600, 92, 6),
(601, 92, 7),
(602, 92, 9),
(603, 93, 1),
(605, 93, 11),
(604, 93, 13),
(607, 94, 6),
(606, 94, 13),
(608, 95, 1),
(611, 95, 2),
(610, 95, 3),
(609, 95, 10),
(613, 96, 1),
(612, 96, 6),
(614, 96, 12),
(616, 97, 3),
(617, 97, 6),
(615, 97, 10),
(620, 98, 5),
(618, 98, 6),
(619, 98, 7),
(622, 99, 9),
(621, 99, 11),
(624, 100, 1),
(626, 100, 2),
(623, 100, 4),
(625, 100, 5),
(628, 101, 1),
(627, 101, 12),
(631, 102, 6),
(630, 102, 11),
(629, 102, 13),
(633, 103, 1),
(632, 103, 2),
(634, 103, 5),
(636, 104, 1),
(638, 104, 4),
(637, 104, 5),
(639, 104, 6),
(640, 104, 7),
(635, 104, 9),
(641, 105, 1),
(642, 105, 11),
(646, 106, 1),
(643, 106, 4),
(644, 106, 7),
(645, 106, 9),
(647, 107, 11),
(648, 107, 12),
(649, 108, 1),
(650, 108, 11),
(651, 109, 1),
(653, 109, 2),
(652, 109, 5),
(655, 110, 3),
(654, 110, 10),
(656, 111, 4),
(657, 111, 5),
(659, 111, 6),
(660, 111, 7),
(658, 111, 9),
(661, 112, 13),
(662, 113, 1),
(663, 113, 3),
(664, 114, 11),
(666, 115, 3),
(665, 115, 10),
(667, 115, 11),
(669, 116, 11),
(668, 116, 13),
(671, 117, 2),
(670, 117, 10),
(672, 118, 1),
(673, 118, 2),
(674, 118, 3),
(675, 119, 10),
(676, 119, 11),
(677, 120, 4),
(680, 120, 5),
(678, 120, 6),
(681, 120, 7),
(679, 120, 9),
(683, 121, 3),
(682, 121, 10),
(685, 122, 6),
(684, 122, 13),
(686, 123, 17),
(688, 124, 11),
(687, 124, 13),
(689, 125, 4),
(691, 125, 6),
(690, 125, 11),
(692, 125, 13),
(694, 126, 3),
(693, 126, 8),
(696, 127, 1),
(697, 127, 11),
(695, 127, 16),
(698, 128, 11),
(701, 129, 1),
(699, 129, 2),
(700, 129, 5),
(702, 130, 1),
(703, 130, 3),
(705, 131, 2),
(704, 131, 4),
(706, 131, 5),
(707, 131, 7),
(708, 132, 1),
(713, 132, 3),
(709, 132, 5),
(710, 132, 11),
(712, 132, 13),
(711, 132, 15),
(714, 133, 1),
(715, 133, 3),
(716, 133, 12),
(719, 134, 6),
(718, 134, 11),
(717, 134, 13),
(720, 135, 1),
(722, 135, 3),
(721, 135, 5),
(723, 136, 4),
(726, 137, 1),
(725, 137, 3),
(724, 137, 12),
(727, 138, 4),
(729, 138, 5),
(728, 138, 6),
(730, 138, 7),
(731, 139, 1),
(732, 139, 3),
(736, 140, 4),
(733, 140, 5),
(734, 140, 6),
(735, 140, 7),
(737, 141, 4),
(740, 141, 5),
(738, 141, 7),
(739, 141, 9),
(743, 142, 1),
(742, 142, 3),
(741, 142, 12),
(746, 143, 1),
(744, 143, 9),
(745, 143, 10),
(748, 144, 1),
(749, 144, 10),
(747, 144, 11),
(751, 145, 3),
(750, 145, 10),
(752, 145, 12),
(753, 146, 1),
(755, 146, 3),
(756, 146, 11),
(754, 146, 12),
(757, 147, 11),
(758, 148, 1),
(759, 148, 3),
(760, 148, 12),
(761, 149, 2),
(762, 149, 5),
(763, 150, 1),
(765, 150, 4),
(764, 150, 5),
(766, 150, 7),
(767, 150, 9),
(768, 151, 1),
(769, 151, 6),
(770, 151, 12),
(772, 152, 3),
(771, 152, 10),
(773, 153, 1),
(774, 153, 5),
(776, 154, 1),
(775, 154, 3),
(777, 154, 12),
(779, 155, 6),
(780, 155, 11),
(778, 155, 13),
(781, 156, 4),
(782, 156, 5),
(784, 156, 6),
(783, 156, 7),
(789, 157, 4),
(787, 157, 6),
(786, 157, 7),
(788, 157, 10),
(785, 157, 18),
(791, 158, 1),
(790, 158, 2),
(792, 158, 5),
(795, 159, 3),
(793, 159, 11),
(794, 159, 12),
(798, 160, 2),
(797, 160, 10),
(796, 160, 11),
(799, 161, 2),
(800, 161, 5),
(803, 162, 1),
(801, 162, 2),
(802, 162, 5),
(806, 163, 1),
(804, 163, 2),
(805, 163, 5),
(808, 164, 3),
(807, 164, 10),
(809, 165, 11),
(811, 166, 11),
(810, 166, 13),
(812, 167, 5),
(813, 167, 7),
(814, 167, 9),
(815, 168, 16),
(817, 169, 8),
(816, 169, 10),
(818, 170, 2),
(820, 170, 3),
(819, 170, 10),
(821, 171, 2),
(823, 171, 3),
(822, 171, 10),
(824, 172, 1),
(825, 172, 12),
(826, 173, 4),
(828, 173, 5),
(827, 173, 9),
(831, 174, 1),
(832, 174, 2),
(829, 174, 3),
(830, 174, 5),
(834, 175, 5),
(836, 175, 6),
(835, 175, 7),
(833, 175, 9),
(837, 176, 3),
(838, 176, 10),
(839, 176, 12),
(841, 177, 2),
(840, 177, 11),
(842, 178, 17),
(843, 179, 4),
(844, 179, 5),
(845, 179, 6),
(846, 179, 7),
(847, 180, 1),
(848, 180, 2),
(849, 180, 5),
(850, 181, 3),
(851, 181, 10),
(852, 182, 5),
(853, 182, 6),
(854, 182, 7),
(855, 182, 9),
(856, 183, 1),
(857, 183, 2),
(858, 183, 5),
(860, 184, 1),
(859, 184, 4),
(861, 184, 11),
(862, 185, 1),
(864, 185, 3),
(863, 185, 12),
(867, 186, 4),
(866, 186, 5),
(868, 186, 7),
(865, 186, 9),
(869, 187, 13),
(872, 188, 3),
(870, 188, 11),
(871, 188, 13),
(873, 189, 1),
(874, 189, 6),
(875, 189, 9),
(876, 190, 4),
(878, 190, 6),
(877, 190, 7),
(879, 190, 9),
(880, 191, 1),
(881, 191, 2),
(882, 191, 3),
(883, 191, 6),
(884, 191, 10),
(886, 192, 1),
(885, 192, 3),
(887, 193, 1),
(889, 193, 11),
(888, 193, 12),
(890, 194, 4),
(891, 194, 5),
(893, 194, 7),
(892, 194, 9),
(895, 195, 8),
(894, 195, 10),
(896, 196, 11),
(897, 196, 13),
(898, 197, 6),
(899, 197, 9),
(900, 197, 10),
(901, 198, 1),
(902, 198, 6),
(903, 199, 1),
(904, 199, 6),
(905, 199, 12),
(907, 200, 9),
(906, 200, 11),
(908, 200, 13);

-- --------------------------------------------------------

--
-- Struktura tabeli dla tabeli `movies_movie_keywords`
--

CREATE TABLE `movies_movie_keywords` (
  `id` bigint(20) NOT NULL,
  `movie_id` bigint(20) NOT NULL,
  `keyword_id` bigint(20) NOT NULL
) ENGINE=InnoDB DEFAULT CHARSET=utf8mb4 COLLATE=utf8mb4_general_ci;

--
-- Dumping data for table `movies_movie_keywords`
--

INSERT INTO `movies_movie_keywords` (`id`, `movie_id`, `keyword_id`) VALUES
(111, 2, 1),
(112, 2, 2),
(113, 2, 3),
(114, 2, 4),
(115, 2, 5),
(116, 2, 6),
(117, 2, 7),
(118, 2, 8),
(119, 2, 9),
(120, 2, 10),
(121, 2, 11),
(122, 2, 12),
(123, 3, 13),
(124, 3, 14),
(125, 3, 15),
(126, 3, 16),
(127, 3, 17),
(128, 3, 18),
(129, 3, 19),
(130, 3, 20),
(131, 3, 21),
(132, 3, 22),
(133, 4, 23),
(134, 4, 24),
(135, 4, 25),
(138, 5, 24),
(136, 5, 26),
(137, 5, 27),
(139, 5, 28),
(140, 5, 29),
(141, 5, 30),
(142, 5, 31),
(143, 5, 32),
(144, 5, 33),
(145, 5, 34),
(146, 5, 35),
(147, 5, 36),
(148, 5, 37),
(149, 5, 38),
(150, 5, 39),
(151, 5, 40),
(153, 6, 2),
(157, 6, 10),
(152, 6, 24),
(158, 6, 25),
(154, 6, 41),
(155, 6, 42),
(156, 6, 43),
(159, 6, 44),
(160, 6, 45),
(163, 7, 24),
(164, 7, 29),
(161, 7, 46),
(162, 7, 47),
(165, 7, 48),
(166, 7, 49),
(167, 7, 50),
(168, 7, 51),
(169, 7, 52),
(170, 7, 53),
(171, 7, 54),
(172, 7, 55),
(173, 8, 56),
(174, 8, 57),
(175, 8, 58),
(176, 8, 59),
(177, 8, 60),
(178, 8, 61),
(181, 10, 31),
(180, 10, 41),
(187, 10, 45),
(179, 10, 62),
(182, 10, 63),
(183, 10, 64),
(184, 10, 65),
(185, 10, 66),
(186, 10, 67),
(188, 10, 68),
(189, 11, 69),
(190, 11, 70),
(191, 11, 71),
(192, 11, 72),
(193, 11, 73),
(194, 11, 74),
(195, 11, 75),
(196, 11, 76),
(197, 11, 77),
(198, 11, 78),
(199, 12, 13),
(202, 12, 41),
(200, 12, 79),
(201, 12, 80),
(203, 12, 81),
(204, 12, 82),
(205, 12, 83),
(206, 12, 84),
(207, 12, 85),
(209, 13, 24),
(213, 13, 54),
(208, 13, 86),
(210, 13, 87),
(211, 13, 88),
(212, 13, 89),
(214, 13, 90),
(215, 13, 91),
(222, 14, 5),
(219, 14, 15),
(221, 14, 41),
(216, 14, 92),
(217, 14, 93),
(218, 14, 94),
(220, 14, 95),
(223, 14, 96),
(224, 14, 97),
(225, 14, 98),
(226, 14, 99),
(227, 14, 100),
(228, 14, 101),
(229, 14, 102),
(230, 14, 103),
(231, 14, 104),
(232, 14, 105),
(233, 14, 106),
(234, 15, 107),
(239, 16, 41),
(243, 16, 53),
(235, 16, 108),
(236, 16, 109),
(237, 16, 110),
(238, 16, 111),
(240, 16, 112),
(241, 16, 113),
(242, 16, 114),
(244, 16, 115),
(245, 16, 116),
(246, 16, 117),
(247, 16, 118),
(248, 16, 119),
(249, 16, 120),
(250, 16, 121),
(251, 16, 122),
(255, 17, 5),
(252, 17, 123),
(253, 17, 124),
(254, 17, 125),
(256, 17, 126),
(257, 17, 127),
(258, 17, 128),
(259, 17, 129),
(260, 17, 130),
(261, 17, 131),
(262, 17, 132),
(263, 19, 41),
(264, 19, 133),
(266, 20, 14),
(265, 20, 134),
(267, 20, 135),
(268, 20, 136),
(269, 20, 137),
(270, 20, 138),
(271, 20, 139),
(272, 20, 140),
(273, 20, 141),
(274, 20, 142),
(275, 20, 143),
(276, 20, 144),
(277, 20, 145),
(278, 20, 146),
(288, 21, 74),
(295, 21, 85),
(296, 21, 131),
(279, 21, 147),
(280, 21, 148),
(281, 21, 149),
(282, 21, 150),
(283, 21, 151),
(284, 21, 152),
(285, 21, 153),
(286, 21, 154),
(287, 21, 155),
(289, 21, 156),
(290, 21, 157),
(291, 21, 158),
(292, 21, 159),
(293, 21, 160),
(294, 21, 161),
(297, 21, 162),
(298, 21, 163),
(306, 22, 30),
(300, 22, 47),
(311, 22, 66),
(299, 22, 164),
(301, 22, 165),
(302, 22, 166),
(303, 22, 167),
(304, 22, 168),
(305, 22, 169),
(307, 22, 170),
(308, 22, 171),
(309, 22, 172),
(310, 22, 173),
(312, 22, 174),
(313, 23, 175),
(316, 24, 2),
(317, 24, 5),
(326, 24, 10),
(321, 24, 53),
(319, 24, 63),
(322, 24, 64),
(314, 24, 94),
(315, 24, 176),
(318, 24, 177),
(320, 24, 178),
(323, 24, 179),
(324, 24, 180),
(325, 24, 181),
(327, 24, 182),
(328, 24, 183),
(341, 25, 126),
(329, 25, 184),
(330, 25, 185),
(331, 25, 186),
(332, 25, 187),
(333, 25, 188),
(334, 25, 189),
(335, 25, 190),
(336, 25, 191),
(337, 25, 192),
(338, 25, 193),
(339, 25, 194),
(340, 25, 195),
(342, 25, 196),
(343, 25, 197),
(344, 25, 198),
(345, 25, 199),
(346, 25, 200),
(347, 25, 201),
(348, 25, 202),
(349, 25, 203),
(350, 25, 204),
(351, 25, 205),
(352, 25, 206),
(353, 25, 207),
(354, 25, 208),
(355, 25, 209),
(356, 25, 210),
(357, 25, 211),
(358, 25, 212),
(359, 26, 47),
(360, 26, 93),
(361, 26, 169),
(362, 26, 213),
(363, 27, 214),
(364, 27, 215),
(365, 27, 216),
(367, 28, 13),
(366, 28, 217),
(368, 28, 218),
(369, 28, 219),
(370, 28, 220),
(371, 28, 221),
(372, 28, 222),
(373, 28, 223),
(374, 28, 224),
(375, 28, 225),
(376, 28, 226),
(377, 28, 227),
(378, 28, 228),
(385, 29, 2),
(384, 29, 123),
(379, 29, 229),
(380, 29, 230),
(381, 29, 231),
(382, 29, 232),
(383, 29, 233),
(386, 29, 234),
(387, 29, 235),
(388, 29, 236),
(389, 29, 237),
(390, 29, 238),
(391, 29, 239),
(392, 29, 240),
(403, 30, 31),
(404, 30, 49),
(393, 30, 184),
(406, 30, 199),
(395, 30, 219),
(394, 30, 241),
(396, 30, 242),
(397, 30, 243),
(398, 30, 244),
(399, 30, 245),
(400, 30, 246),
(401, 30, 247),
(402, 30, 248),
(405, 30, 249),
(407, 30, 250),
(408, 30, 251),
(409, 30, 252),
(410, 30, 253),
(411, 30, 254),
(412, 30, 255),
(413, 30, 256),
(414, 30, 257),
(415, 30, 258),
(416, 30, 259),
(419, 31, 24),
(422, 31, 29),
(423, 31, 53),
(424, 31, 64),
(420, 31, 87),
(417, 31, 260),
(418, 31, 261),
(421, 31, 262),
(425, 31, 263),
(426, 31, 264),
(427, 31, 265),
(428, 31, 266),
(434, 33, 15),
(435, 33, 41),
(443, 33, 212),
(432, 33, 214),
(429, 33, 267),
(430, 33, 268),
(431, 33, 269),
(433, 33, 270),
(436, 33, 271),
(437, 33, 272),
(438, 33, 273),
(439, 33, 274),
(440, 33, 275),
(441, 33, 276),
(442, 33, 277),
(444, 34, 46),
(445, 34, 278),
(446, 34, 279),
(447, 34, 280),
(448, 35, 281),
(450, 36, 41),
(449, 36, 281),
(451, 36, 282),
(452, 36, 283),
(453, 36, 284),
(463, 37, 2),
(457, 37, 13),
(475, 37, 22),
(479, 37, 85),
(481, 37, 131),
(470, 37, 153),
(478, 37, 161),
(464, 37, 169),
(454, 37, 285),
(455, 37, 286),
(456, 37, 287),
(458, 37, 288),
(459, 37, 289),
(460, 37, 290),
(461, 37, 291),
(462, 37, 292),
(465, 37, 293),
(466, 37, 294),
(467, 37, 295),
(468, 37, 296),
(469, 37, 297),
(471, 37, 298),
(472, 37, 299),
(473, 37, 300),
(474, 37, 301),
(476, 37, 302),
(477, 37, 303),
(480, 37, 304),
(482, 37, 305),
(483, 37, 306),
(484, 37, 307),
(485, 37, 308),
(486, 38, 13),
(495, 38, 16),
(490, 38, 47),
(507, 38, 66),
(504, 38, 103),
(503, 38, 153),
(497, 38, 168),
(487, 38, 309),
(488, 38, 310),
(489, 38, 311),
(491, 38, 312),
(492, 38, 313),
(493, 38, 314),
(494, 38, 315),
(496, 38, 316),
(498, 38, 317),
(499, 38, 318),
(500, 38, 319),
(501, 38, 320),
(502, 38, 321),
(505, 38, 322),
(506, 38, 323),
(508, 38, 324),
(509, 38, 325),
(510, 38, 326),
(511, 38, 327),
(512, 38, 328),
(513, 38, 329),
(514, 38, 330),
(515, 38, 331),
(516, 38, 332),
(517, 38, 333),
(518, 38, 334),
(520, 39, 63),
(519, 39, 335),
(521, 39, 336),
(522, 39, 337),
(523, 39, 338),
(524, 39, 339),
(525, 39, 340),
(527, 40, 13),
(538, 40, 41),
(531, 40, 47),
(550, 40, 66),
(532, 40, 93),
(547, 40, 103),
(544, 40, 153),
(535, 40, 168),
(545, 40, 298),
(528, 40, 309),
(529, 40, 310),
(530, 40, 311),
(533, 40, 312),
(534, 40, 313),
(548, 40, 322),
(551, 40, 324),
(553, 40, 325),
(554, 40, 326),
(557, 40, 327),
(558, 40, 328),
(562, 40, 329),
(563, 40, 332),
(565, 40, 333),
(526, 40, 341),
(536, 40, 342),
(537, 40, 343),
(539, 40, 344),
(540, 40, 345),
(541, 40, 346),
(542, 40, 347),
(543, 40, 348),
(546, 40, 349),
(549, 40, 350),
(552, 40, 351),
(555, 40, 352),
(556, 40, 353),
(559, 40, 354),
(560, 40, 355),
(561, 40, 356),
(564, 40, 357),
(566, 40, 358),
(567, 40, 359),
(568, 40, 360),
(571, 41, 198),
(569, 41, 361),
(570, 41, 362),
(572, 41, 363),
(573, 41, 364),
(574, 42, 365),
(575, 42, 366),
(576, 42, 367),
(578, 44, 138),
(577, 44, 368),
(579, 44, 369),
(580, 44, 370),
(581, 44, 371),
(582, 44, 372),
(583, 44, 373),
(584, 44, 374),
(585, 44, 375),
(586, 45, 376),
(587, 45, 377),
(588, 45, 378),
(590, 46, 13),
(589, 46, 26),
(598, 46, 194),
(601, 46, 202),
(591, 46, 379),
(592, 46, 380),
(593, 46, 381),
(594, 46, 382),
(595, 46, 383),
(596, 46, 384),
(597, 46, 385),
(599, 46, 386),
(600, 46, 387),
(602, 46, 388),
(603, 46, 389),
(604, 46, 390),
(605, 46, 391),
(606, 46, 392),
(607, 46, 393),
(608, 46, 394),
(609, 46, 395),
(610, 46, 396),
(611, 46, 397),
(612, 46, 398),
(613, 46, 399),
(617, 47, 227),
(618, 47, 228),
(614, 47, 400),
(615, 47, 401),
(616, 47, 402),
(619, 47, 403),
(621, 48, 137),
(620, 48, 169),
(622, 48, 404),
(624, 49, 52),
(623, 49, 405),
(625, 49, 406),
(626, 49, 407),
(627, 49, 408),
(628, 49, 409),
(629, 50, 123),
(633, 50, 128),
(630, 50, 410),
(631, 50, 411),
(632, 50, 412),
(634, 50, 413),
(636, 51, 66),
(635, 51, 84),
(637, 51, 414),
(638, 51, 415),
(639, 51, 416),
(643, 53, 25),
(641, 53, 84),
(645, 53, 145),
(640, 53, 215),
(642, 53, 417),
(644, 53, 418),
(652, 54, 224),
(650, 54, 234),
(648, 54, 382),
(655, 54, 395),
(646, 54, 419),
(647, 54, 420),
(649, 54, 421),
(651, 54, 422),
(653, 54, 423),
(654, 54, 424),
(656, 54, 425),
(657, 54, 426),
(658, 55, 427),
(659, 55, 428),
(660, 55, 429),
(661, 55, 430),
(666, 56, 6),
(663, 56, 31),
(662, 56, 41),
(670, 56, 158),
(664, 56, 431),
(665, 56, 432),
(667, 56, 433),
(668, 56, 434),
(669, 56, 435),
(671, 56, 436),
(679, 57, 15),
(687, 57, 48),
(703, 57, 145),
(701, 57, 158),
(676, 57, 214),
(688, 57, 215),
(674, 57, 260),
(673, 57, 267),
(702, 57, 330),
(672, 57, 437),
(675, 57, 438),
(677, 57, 439),
(678, 57, 440),
(680, 57, 441),
(681, 57, 442),
(682, 57, 443),
(683, 57, 444),
(684, 57, 445),
(685, 57, 446),
(686, 57, 447),
(689, 57, 448),
(690, 57, 449),
(691, 57, 450),
(692, 57, 451),
(693, 57, 452),
(694, 57, 453),
(695, 57, 454),
(696, 57, 455),
(697, 57, 456),
(698, 57, 457),
(699, 57, 458),
(700, 57, 459),
(709, 58, 24),
(712, 58, 29),
(720, 58, 42),
(719, 58, 52),
(710, 58, 87),
(714, 58, 112),
(721, 58, 118),
(707, 58, 288),
(711, 58, 292),
(704, 58, 460),
(705, 58, 461),
(706, 58, 462),
(708, 58, 463),
(713, 58, 464),
(715, 58, 465),
(716, 58, 466),
(717, 58, 467),
(718, 58, 468),
(722, 58, 469),
(726, 59, 194),
(723, 59, 470),
(724, 59, 471),
(725, 59, 472),
(727, 59, 473),
(728, 59, 474),
(729, 59, 475),
(730, 59, 476),
(732, 60, 13),
(759, 60, 44),
(734, 60, 87),
(738, 60, 194),
(751, 60, 434),
(731, 60, 477),
(733, 60, 478),
(735, 60, 479),
(736, 60, 480),
(737, 60, 481),
(739, 60, 482),
(740, 60, 483),
(741, 60, 484),
(742, 60, 485),
(743, 60, 486),
(744, 60, 487),
(745, 60, 488),
(746, 60, 489),
(747, 60, 490),
(748, 60, 491),
(749, 60, 492),
(750, 60, 493),
(752, 60, 494),
(753, 60, 495),
(754, 60, 496),
(755, 60, 497),
(756, 60, 498),
(757, 60, 499),
(758, 60, 500),
(760, 60, 501),
(761, 60, 502),
(762, 60, 503),
(767, 61, 13),
(777, 61, 22),
(768, 61, 47),
(775, 61, 153),
(763, 61, 285),
(776, 61, 298),
(766, 61, 420),
(764, 61, 504),
(765, 61, 505),
(769, 61, 506),
(770, 61, 507),
(771, 61, 508),
(772, 61, 509),
(773, 61, 510),
(774, 61, 511),
(778, 61, 512),
(779, 61, 513),
(784, 62, 41),
(788, 62, 64),
(792, 62, 330),
(780, 62, 514),
(781, 62, 515),
(782, 62, 516),
(783, 62, 517),
(785, 62, 518),
(786, 62, 519),
(787, 62, 520),
(789, 62, 521),
(790, 62, 522),
(791, 62, 523),
(793, 62, 524),
(810, 63, 22),
(797, 63, 47),
(808, 63, 53),
(809, 63, 128),
(794, 63, 285),
(807, 63, 298),
(796, 63, 310),
(802, 63, 343),
(800, 63, 507),
(801, 63, 508),
(805, 63, 511),
(811, 63, 513),
(795, 63, 525),
(798, 63, 526),
(799, 63, 527),
(803, 63, 528),
(804, 63, 529),
(806, 63, 530),
(814, 64, 13),
(818, 64, 16),
(833, 64, 22),
(823, 64, 41),
(815, 64, 47),
(827, 64, 82),
(832, 64, 128),
(812, 64, 285),
(829, 64, 298),
(816, 64, 506),
(820, 64, 508),
(822, 64, 509),
(825, 64, 510),
(828, 64, 511),
(834, 64, 513),
(821, 64, 528),
(813, 64, 531),
(817, 64, 532),
(819, 64, 533),
(824, 64, 534),
(826, 64, 535),
(830, 64, 536),
(831, 64, 537),
(836, 65, 13),
(837, 65, 123),
(844, 65, 128),
(840, 65, 410),
(835, 65, 538),
(838, 65, 539),
(839, 65, 540),
(841, 65, 541),
(842, 65, 542),
(843, 65, 543),
(845, 65, 544),
(847, 66, 41),
(851, 66, 153),
(856, 66, 216),
(849, 66, 296),
(846, 66, 545),
(848, 66, 546),
(850, 66, 547),
(852, 66, 548),
(853, 66, 549),
(854, 66, 550),
(855, 66, 551),
(857, 66, 552),
(858, 67, 553),
(859, 67, 554),
(860, 67, 555),
(862, 69, 14),
(861, 69, 556),
(863, 69, 557),
(864, 69, 558),
(865, 69, 559),
(866, 70, 560),
(869, 71, 70),
(877, 71, 74),
(870, 71, 124),
(873, 71, 177),
(878, 71, 454),
(867, 71, 561),
(868, 71, 562),
(871, 71, 563),
(872, 71, 564),
(874, 71, 565),
(875, 71, 566),
(876, 71, 567),
(879, 71, 568),
(880, 71, 569),
(881, 71, 570),
(882, 71, 571),
(883, 71, 572),
(884, 71, 573),
(885, 71, 574),
(886, 71, 575),
(887, 71, 576),
(888, 71, 577),
(889, 71, 578),
(890, 71, 579),
(891, 71, 580),
(892, 71, 581),
(893, 71, 582),
(894, 71, 583),
(895, 71, 584),
(896, 73, 585),
(897, 73, 586),
(898, 73, 587),
(902, 75, 227),
(899, 75, 588),
(900, 75, 589),
(901, 75, 590),
(903, 75, 591),
(904, 75, 592),
(905, 75, 593),
(907, 76, 228),
(906, 76, 594),
(908, 76, 595),
(911, 77, 31),
(910, 77, 41),
(913, 77, 84),
(909, 77, 88),
(912, 77, 518),
(917, 77, 574),
(914, 77, 596),
(915, 77, 597),
(916, 77, 598),
(918, 77, 599),
(919, 77, 600),
(920, 77, 601),
(921, 77, 602),
(922, 77, 603),
(927, 78, 24),
(930, 78, 29),
(937, 78, 53),
(933, 78, 72),
(932, 78, 112),
(940, 78, 118),
(925, 78, 288),
(926, 78, 463),
(931, 78, 464),
(923, 78, 557),
(924, 78, 604),
(928, 78, 605),
(929, 78, 606),
(934, 78, 607),
(935, 78, 608),
(936, 78, 609),
(938, 78, 610),
(939, 78, 611),
(941, 78, 612),
(942, 78, 613),
(943, 78, 614),
(945, 79, 13),
(944, 79, 69),
(946, 79, 615),
(949, 80, 29),
(947, 80, 616),
(948, 80, 617),
(950, 80, 618),
(951, 80, 619),
(954, 81, 6),
(952, 81, 13),
(955, 81, 511),
(953, 81, 514),
(956, 81, 620),
(957, 81, 621),
(958, 81, 622),
(959, 81, 623),
(960, 82, 505),
(961, 82, 624),
(962, 82, 625),
(965, 83, 53),
(967, 83, 66),
(968, 83, 415),
(963, 83, 505),
(964, 83, 626),
(966, 83, 627),
(969, 83, 628),
(970, 83, 629),
(971, 84, 47),
(972, 84, 407),
(973, 84, 630),
(974, 84, 631),
(975, 85, 41),
(976, 85, 63),
(977, 85, 65),
(978, 85, 66),
(979, 85, 68),
(980, 86, 13),
(989, 86, 57),
(987, 86, 112),
(983, 86, 220),
(999, 86, 395),
(981, 86, 632),
(982, 86, 633),
(984, 86, 634),
(985, 86, 635),
(986, 86, 636),
(988, 86, 637),
(990, 86, 638),
(991, 86, 639),
(992, 86, 640),
(993, 86, 641),
(994, 86, 642),
(995, 86, 643),
(996, 86, 644),
(997, 86, 645),
(998, 86, 646),
(1000, 86, 647),
(1001, 86, 648),
(1002, 86, 649),
(1003, 86, 650),
(1006, 87, 2),
(1007, 87, 29),
(1014, 87, 53),
(1005, 87, 135),
(1013, 87, 297),
(1004, 87, 505),
(1008, 87, 651),
(1009, 87, 652),
(1010, 87, 653),
(1011, 87, 654),
(1012, 87, 655),
(1015, 87, 656),
(1016, 87, 657),
(1017, 87, 658),
(1019, 88, 57),
(1018, 88, 659),
(1020, 88, 660),
(1021, 88, 661),
(1023, 89, 194),
(1022, 89, 662),
(1024, 89, 663),
(1025, 89, 664),
(1026, 89, 665),
(1027, 89, 666),
(1033, 90, 330),
(1028, 90, 667),
(1029, 90, 668),
(1030, 90, 669),
(1031, 90, 670),
(1032, 90, 671),
(1034, 90, 672),
(1035, 90, 673),
(1039, 91, 24),
(1040, 91, 29),
(1042, 91, 53),
(1044, 91, 54),
(1043, 91, 64),
(1036, 91, 69),
(1037, 91, 108),
(1038, 91, 674),
(1041, 91, 675),
(1045, 91, 676),
(1050, 92, 64),
(1048, 92, 137),
(1047, 92, 169),
(1046, 92, 677),
(1049, 92, 678),
(1051, 92, 679),
(1054, 93, 586),
(1052, 93, 680),
(1053, 93, 681),
(1055, 93, 682),
(1056, 93, 683),
(1058, 94, 123),
(1059, 94, 126),
(1063, 94, 128),
(1057, 94, 684),
(1060, 94, 685),
(1061, 94, 686),
(1062, 94, 687),
(1064, 94, 688),
(1067, 95, 6),
(1069, 95, 43),
(1074, 95, 105),
(1065, 95, 138),
(1066, 95, 140),
(1068, 95, 689),
(1070, 95, 690),
(1071, 95, 691),
(1072, 95, 692),
(1073, 95, 693),
(1081, 96, 12),
(1082, 96, 212),
(1077, 96, 487),
(1075, 96, 694),
(1076, 96, 695),
(1078, 96, 696),
(1079, 96, 697),
(1080, 96, 698),
(1083, 96, 699),
(1084, 96, 700),
(1085, 96, 701),
(1094, 98, 6),
(1090, 98, 41),
(1086, 98, 108),
(1088, 98, 123),
(1098, 98, 128),
(1089, 98, 447),
(1087, 98, 702),
(1091, 98, 703),
(1092, 98, 704),
(1093, 98, 705),
(1095, 98, 706),
(1096, 98, 707),
(1097, 98, 708),
(1099, 98, 709),
(1100, 98, 710),
(1102, 99, 13),
(1105, 99, 41),
(1107, 99, 137),
(1108, 99, 153),
(1101, 99, 285),
(1110, 99, 298),
(1111, 99, 303),
(1113, 99, 306),
(1114, 99, 307),
(1115, 99, 308),
(1106, 99, 483),
(1103, 99, 711),
(1104, 99, 712),
(1109, 99, 713),
(1112, 99, 714),
(1116, 99, 715),
(1121, 100, 2),
(1130, 100, 6),
(1120, 100, 24),
(1123, 100, 29),
(1124, 100, 41),
(1136, 100, 42),
(1119, 100, 46),
(1132, 100, 52),
(1118, 100, 86),
(1144, 100, 91),
(1117, 100, 108),
(1125, 100, 125),
(1140, 100, 408),
(1137, 100, 433),
(1122, 100, 716),
(1126, 100, 717),
(1127, 100, 718),
(1128, 100, 719),
(1129, 100, 720),
(1131, 100, 721),
(1133, 100, 722),
(1134, 100, 723),
(1135, 100, 724),
(1138, 100, 725),
(1139, 100, 726),
(1141, 100, 727),
(1142, 100, 728),
(1143, 100, 729),
(1145, 100, 730),
(1146, 100, 731),
(1147, 100, 732),
(1148, 101, 662),
(1149, 101, 733),
(1150, 101, 734),
(1151, 101, 735),
(1152, 102, 13),
(1154, 102, 234),
(1153, 102, 736),
(1155, 102, 737),
(1156, 102, 738),
(1157, 102, 739),
(1158, 102, 740),
(1162, 103, 2),
(1160, 103, 24),
(1164, 103, 29),
(1165, 103, 41),
(1166, 103, 53),
(1167, 103, 74),
(1159, 103, 86),
(1161, 103, 87),
(1163, 103, 262),
(1168, 103, 741),
(1170, 104, 26),
(1176, 104, 41),
(1171, 104, 46),
(1174, 104, 80),
(1177, 104, 82),
(1172, 104, 245),
(1180, 104, 425),
(1169, 104, 437),
(1173, 104, 632),
(1175, 104, 742),
(1178, 104, 743),
(1179, 104, 744),
(1183, 105, 41),
(1189, 105, 355),
(1184, 105, 388),
(1186, 105, 678),
(1181, 105, 745),
(1182, 105, 746),
(1185, 105, 747),
(1187, 105, 748),
(1188, 105, 749),
(1190, 105, 750),
(1194, 106, 2),
(1197, 106, 5),
(1195, 106, 41),
(1191, 106, 109),
(1199, 106, 297),
(1201, 106, 552),
(1192, 106, 751),
(1193, 106, 752),
(1196, 106, 753),
(1198, 106, 754),
(1200, 106, 755),
(1206, 107, 13),
(1218, 107, 131),
(1216, 107, 395),
(1205, 107, 477),
(1203, 107, 505),
(1202, 107, 756),
(1204, 107, 757),
(1207, 107, 758),
(1208, 107, 759),
(1209, 107, 760),
(1210, 107, 761),
(1211, 107, 762),
(1212, 107, 763),
(1213, 107, 764),
(1214, 107, 765),
(1215, 107, 766),
(1217, 107, 767),
(1219, 108, 768),
(1220, 108, 769),
(1221, 108, 770),
(1222, 108, 771),
(1230, 109, 2),
(1229, 109, 24),
(1232, 109, 41),
(1226, 109, 47),
(1238, 109, 53),
(1240, 109, 54),
(1239, 109, 64),
(1224, 109, 86),
(1243, 109, 91),
(1223, 109, 108),
(1228, 109, 288),
(1242, 109, 408),
(1233, 109, 464),
(1227, 109, 632),
(1231, 109, 716),
(1234, 109, 723),
(1225, 109, 772),
(1235, 109, 773),
(1236, 109, 774),
(1237, 109, 775),
(1241, 109, 776),
(1244, 109, 777),
(1245, 109, 778),
(1246, 109, 779),
(1254, 110, 175),
(1256, 110, 304),
(1247, 110, 514),
(1248, 110, 515),
(1249, 110, 516),
(1250, 110, 518),
(1252, 110, 520),
(1253, 110, 521),
(1255, 110, 574),
(1251, 110, 780),
(1258, 111, 41),
(1261, 111, 53),
(1260, 111, 141),
(1257, 111, 165),
(1259, 111, 781),
(1262, 111, 782),
(1263, 111, 783),
(1264, 113, 111),
(1265, 113, 784),
(1266, 113, 785),
(1267, 113, 786),
(1268, 116, 227),
(1271, 117, 48),
(1270, 117, 136),
(1269, 117, 262),
(1272, 117, 787),
(1273, 117, 788),
(1274, 117, 789),
(1275, 117, 790),
(1276, 117, 791),
(1277, 117, 792),
(1278, 117, 793),
(1279, 119, 794),
(1280, 119, 795),
(1281, 119, 796),
(1291, 120, 2),
(1296, 120, 5),
(1283, 120, 13),
(1284, 120, 47),
(1298, 120, 74),
(1297, 120, 82),
(1285, 120, 165),
(1290, 120, 168),
(1300, 120, 658),
(1282, 120, 797),
(1286, 120, 798),
(1287, 120, 799),
(1288, 120, 800),
(1289, 120, 801),
(1292, 120, 802),
(1293, 120, 803),
(1294, 120, 804),
(1295, 120, 805),
(1299, 120, 806),
(1301, 120, 807),
(1302, 120, 808),
(1303, 120, 809),
(1315, 121, 41),
(1316, 121, 72),
(1317, 121, 73),
(1331, 121, 128),
(1304, 121, 134),
(1309, 121, 410),
(1311, 121, 515),
(1313, 121, 516),
(1318, 121, 518),
(1326, 121, 520),
(1329, 121, 521),
(1343, 121, 523),
(1340, 121, 574),
(1305, 121, 810),
(1306, 121, 811),
(1307, 121, 812),
(1308, 121, 813),
(1310, 121, 814),
(1312, 121, 815),
(1314, 121, 816),
(1319, 121, 817),
(1320, 121, 818),
(1321, 121, 819),
(1322, 121, 820),
(1323, 121, 821),
(1324, 121, 822),
(1325, 121, 823),
(1327, 121, 824),
(1328, 121, 825),
(1330, 121, 826),
(1332, 121, 827),
(1333, 121, 828),
(1334, 121, 829),
(1335, 121, 830),
(1336, 121, 831),
(1337, 121, 832),
(1338, 121, 833),
(1339, 121, 834),
(1341, 121, 835),
(1342, 121, 836),
(1344, 121, 837),
(1345, 121, 838),
(1346, 122, 108),
(1353, 122, 145),
(1351, 122, 183),
(1350, 122, 809),
(1347, 122, 839),
(1348, 122, 840),
(1349, 122, 841),
(1352, 122, 842),
(1354, 122, 843),
(1358, 123, 303),
(1359, 123, 307),
(1360, 123, 308),
(1355, 123, 844),
(1356, 123, 845),
(1357, 123, 846),
(1361, 124, 13),
(1367, 124, 126),
(1376, 124, 133),
(1362, 124, 401),
(1375, 124, 657),
(1363, 124, 847),
(1364, 124, 848),
(1365, 124, 849),
(1366, 124, 850),
(1368, 124, 851),
(1369, 124, 852),
(1370, 124, 853),
(1371, 124, 854),
(1372, 124, 855),
(1373, 124, 856),
(1374, 124, 857),
(1378, 125, 405),
(1379, 125, 428),
(1382, 125, 593),
(1377, 125, 858),
(1380, 125, 859),
(1381, 125, 860),
(1383, 125, 861),
(1384, 126, 30),
(1393, 127, 15),
(1386, 127, 108),
(1397, 127, 151),
(1404, 127, 394),
(1415, 127, 436),
(1387, 127, 438),
(1417, 127, 614),
(1416, 127, 650),
(1388, 127, 674),
(1414, 127, 792),
(1391, 127, 810),
(1385, 127, 862),
(1389, 127, 863),
(1390, 127, 864),
(1392, 127, 865),
(1394, 127, 866),
(1395, 127, 867),
(1396, 127, 868),
(1398, 127, 869),
(1399, 127, 870),
(1400, 127, 871),
(1401, 127, 872),
(1402, 127, 873),
(1403, 127, 874),
(1405, 127, 875),
(1406, 127, 876),
(1407, 127, 877),
(1408, 127, 878),
(1409, 127, 879),
(1410, 127, 880),
(1411, 127, 881),
(1412, 127, 882),
(1413, 127, 883),
(1418, 127, 884),
(1426, 128, 74),
(1422, 128, 151),
(1427, 128, 211),
(1423, 128, 272),
(1420, 128, 711),
(1419, 128, 885),
(1421, 128, 886),
(1424, 128, 887),
(1425, 128, 888),
(1428, 128, 889),
(1434, 129, 41),
(1436, 129, 96),
(1431, 129, 262),
(1442, 129, 355),
(1440, 129, 417),
(1432, 129, 517),
(1429, 129, 531),
(1430, 129, 632),
(1433, 129, 890),
(1435, 129, 891),
(1437, 129, 892),
(1438, 129, 893),
(1439, 129, 894),
(1441, 129, 895),
(1443, 129, 896),
(1444, 130, 41),
(1445, 130, 897),
(1448, 131, 53),
(1449, 131, 64),
(1446, 131, 150),
(1457, 131, 331),
(1456, 131, 628),
(1455, 131, 658),
(1447, 131, 898),
(1450, 131, 899),
(1451, 131, 900),
(1452, 131, 901),
(1453, 131, 902),
(1454, 131, 903),
(1458, 132, 13),
(1460, 132, 31),
(1463, 132, 131),
(1462, 132, 676),
(1459, 132, 904),
(1461, 132, 905),
(1464, 132, 906),
(1465, 132, 907),
(1467, 133, 662),
(1470, 133, 824),
(1466, 133, 908),
(1468, 133, 909),
(1469, 133, 910),
(1471, 133, 911),
(1477, 134, 6),
(1474, 134, 125),
(1475, 134, 126),
(1472, 134, 223),
(1478, 134, 237),
(1485, 134, 841),
(1473, 134, 912),
(1476, 134, 913),
(1479, 134, 914),
(1480, 134, 915),
(1481, 134, 916),
(1482, 134, 917),
(1483, 134, 918),
(1484, 134, 919),
(1486, 134, 920),
(1488, 135, 2),
(1489, 135, 29),
(1487, 135, 921),
(1490, 135, 922),
(1493, 136, 41),
(1500, 136, 53),
(1501, 136, 64),
(1495, 136, 73),
(1496, 136, 140),
(1494, 136, 652),
(1505, 136, 692),
(1491, 136, 923),
(1492, 136, 924),
(1497, 136, 925),
(1498, 136, 926),
(1499, 136, 927),
(1502, 136, 928),
(1503, 136, 929),
(1504, 136, 930),
(1506, 136, 931),
(1507, 137, 111),
(1512, 137, 656),
(1513, 137, 700),
(1508, 137, 932),
(1509, 137, 933),
(1510, 137, 934),
(1511, 137, 935),
(1518, 138, 409),
(1516, 138, 867),
(1514, 138, 936),
(1515, 138, 937),
(1517, 138, 938),
(1520, 139, 281),
(1519, 139, 557),
(1521, 139, 939),
(1522, 139, 940),
(1523, 139, 941),
(1524, 139, 942),
(1532, 140, 2),
(1536, 140, 53),
(1545, 140, 145),
(1530, 140, 167),
(1533, 140, 169),
(1534, 140, 170),
(1542, 140, 350),
(1525, 140, 943),
(1526, 140, 944),
(1527, 140, 945),
(1528, 140, 946),
(1529, 140, 947),
(1531, 140, 948),
(1535, 140, 949),
(1537, 140, 950),
(1538, 140, 951),
(1539, 140, 952),
(1540, 140, 953),
(1541, 140, 954),
(1543, 140, 955),
(1544, 140, 956),
(1547, 141, 2),
(1554, 141, 53),
(1555, 141, 74),
(1552, 141, 151),
(1550, 141, 169),
(1558, 141, 182),
(1546, 141, 505),
(1548, 141, 528),
(1551, 141, 652),
(1549, 141, 957),
(1553, 141, 958),
(1556, 141, 959),
(1557, 141, 960),
(1559, 141, 961),
(1560, 141, 962),
(1561, 142, 557),
(1562, 142, 963),
(1563, 142, 964),
(1564, 142, 965),
(1565, 142, 966),
(1568, 143, 29),
(1566, 143, 285),
(1570, 143, 647),
(1567, 143, 967),
(1569, 143, 968),
(1571, 144, 13),
(1572, 144, 135),
(1573, 144, 969),
(1574, 144, 970),
(1575, 144, 971),
(1576, 144, 972),
(1577, 144, 973),
(1578, 144, 974),
(1579, 144, 975),
(1590, 145, 32),
(1599, 145, 34),
(1592, 145, 57),
(1591, 145, 72),
(1593, 145, 151),
(1629, 145, 436),
(1613, 145, 474),
(1583, 145, 553),
(1626, 145, 795),
(1621, 145, 831),
(1589, 145, 850),
(1581, 145, 939),
(1580, 145, 976),
(1582, 145, 977),
(1584, 145, 978),
(1585, 145, 979),
(1586, 145, 980),
(1587, 145, 981),
(1588, 145, 982),
(1594, 145, 983),
(1595, 145, 984),
(1596, 145, 985),
(1597, 145, 986),
(1598, 145, 987),
(1600, 145, 988),
(1601, 145, 989),
(1602, 145, 990),
(1603, 145, 991),
(1604, 145, 992),
(1605, 145, 993),
(1606, 145, 994),
(1607, 145, 995),
(1608, 145, 996),
(1609, 145, 997),
(1610, 145, 998),
(1611, 145, 999),
(1612, 145, 1000),
(1614, 145, 1001),
(1615, 145, 1002),
(1616, 145, 1003),
(1617, 145, 1004),
(1618, 145, 1005),
(1619, 145, 1006),
(1620, 145, 1007),
(1622, 145, 1008),
(1623, 145, 1009),
(1624, 145, 1010),
(1625, 145, 1011),
(1627, 145, 1012),
(1628, 145, 1013),
(1630, 145, 1014),
(1631, 146, 224),
(1635, 146, 278),
(1633, 146, 913),
(1632, 146, 1015),
(1634, 146, 1016),
(1636, 146, 1017),
(1637, 146, 1018),
(1638, 147, 13),
(1642, 147, 73),
(1641, 147, 564),
(1639, 147, 1019),
(1640, 147, 1020),
(1643, 147, 1021),
(1644, 147, 1022),
(1645, 147, 1023),
(1646, 147, 1024),
(1647, 147, 1025),
(1648, 147, 1026),
(1649, 148, 1027),
(1650, 148, 1028),
(1655, 149, 13),
(1657, 149, 15),
(1664, 149, 31),
(1667, 149, 48),
(1651, 149, 92),
(1669, 149, 171),
(1683, 149, 183),
(1653, 149, 184),
(1658, 149, 246),
(1652, 149, 267),
(1682, 149, 330),
(1654, 149, 341),
(1678, 149, 425),
(1666, 149, 431),
(1681, 149, 741),
(1684, 149, 906),
(1656, 149, 1029),
(1659, 149, 1030),
(1660, 149, 1031),
(1661, 149, 1032),
(1662, 149, 1033),
(1663, 149, 1034),
(1665, 149, 1035),
(1668, 149, 1036),
(1670, 149, 1037),
(1671, 149, 1038),
(1672, 149, 1039),
(1673, 149, 1040),
(1674, 149, 1041),
(1675, 149, 1042),
(1676, 149, 1043),
(1677, 149, 1044),
(1679, 149, 1045),
(1680, 149, 1046),
(1685, 150, 153),
(1687, 150, 622),
(1686, 150, 1047),
(1688, 151, 13),
(1689, 151, 111),
(1690, 151, 1048),
(1691, 151, 1049),
(1692, 151, 1050),
(1697, 153, 41),
(1698, 153, 106),
(1693, 153, 184),
(1694, 153, 241),
(1695, 153, 244),
(1696, 153, 248),
(1699, 153, 1051),
(1700, 153, 1052),
(1701, 153, 1053),
(1711, 154, 30),
(1713, 154, 31),
(1704, 154, 111),
(1715, 154, 112),
(1708, 154, 281),
(1718, 154, 386),
(1706, 154, 461),
(1714, 154, 464),
(1703, 154, 477),
(1710, 154, 516),
(1702, 154, 556),
(1709, 154, 939),
(1705, 154, 1054),
(1707, 154, 1055),
(1712, 154, 1056),
(1716, 154, 1057),
(1717, 154, 1058),
(1719, 154, 1059),
(1720, 154, 1060),
(1721, 154, 1061),
(1722, 154, 1062),
(1723, 154, 1063),
(1724, 154, 1064),
(1725, 154, 1065),
(1726, 154, 1066),
(1727, 155, 128),
(1730, 156, 2),
(1732, 156, 41),
(1731, 156, 169),
(1728, 156, 944),
(1729, 156, 947),
(1737, 158, 2),
(1745, 158, 12),
(1735, 158, 24),
(1738, 158, 29),
(1739, 158, 41),
(1742, 158, 53),
(1733, 158, 86),
(1736, 158, 87),
(1741, 158, 140),
(1740, 158, 171),
(1743, 158, 264),
(1734, 158, 604),
(1744, 158, 1067),
(1746, 158, 1068),
(1748, 159, 2),
(1751, 159, 29),
(1759, 159, 37),
(1752, 159, 41),
(1749, 159, 169),
(1755, 159, 347),
(1757, 159, 494),
(1756, 159, 676),
(1754, 159, 819),
(1747, 159, 1069),
(1750, 159, 1070),
(1753, 159, 1071),
(1758, 159, 1072),
(1760, 159, 1073),
(1775, 160, 74),
(1766, 160, 148),
(1769, 160, 151),
(1770, 160, 272),
(1762, 160, 368),
(1761, 160, 1074),
(1763, 160, 1075),
(1764, 160, 1076),
(1765, 160, 1077),
(1767, 160, 1078),
(1768, 160, 1079),
(1771, 160, 1080),
(1772, 160, 1081),
(1773, 160, 1082),
(1774, 160, 1083),
(1776, 160, 1084),
(1777, 160, 1085),
(1778, 160, 1086),
(1779, 160, 1087),
(1780, 160, 1088),
(1781, 160, 1089),
(1782, 160, 1090),
(1784, 161, 13),
(1792, 161, 41),
(1795, 161, 96),
(1793, 161, 125),
(1797, 161, 171),
(1783, 161, 184),
(1794, 161, 196),
(1796, 161, 465),
(1790, 161, 509),
(1807, 161, 612),
(1811, 161, 881),
(1788, 161, 1030),
(1789, 161, 1031),
(1799, 161, 1037),
(1800, 161, 1039),
(1801, 161, 1040),
(1802, 161, 1041),
(1803, 161, 1042),
(1805, 161, 1044),
(1809, 161, 1045),
(1785, 161, 1091),
(1786, 161, 1092),
(1787, 161, 1093),
(1791, 161, 1094),
(1798, 161, 1095),
(1804, 161, 1096),
(1806, 161, 1097),
(1808, 161, 1098),
(1810, 161, 1099),
(1812, 161, 1100),
(1813, 161, 1101),
(1815, 162, 24),
(1817, 162, 29),
(1818, 162, 41),
(1820, 162, 53),
(1822, 162, 54),
(1821, 162, 64),
(1819, 162, 73),
(1823, 162, 74),
(1814, 162, 86),
(1816, 162, 442),
(1824, 162, 453),
(1825, 162, 658),
(1826, 162, 792),
(1832, 163, 64),
(1828, 163, 136),
(1830, 163, 150),
(1834, 163, 181),
(1831, 163, 215),
(1833, 163, 474),
(1827, 163, 1102),
(1829, 163, 1103),
(1835, 164, 26),
(1837, 164, 30),
(1846, 164, 39),
(1847, 164, 601),
(1842, 164, 795),
(1844, 164, 883),
(1841, 164, 1010),
(1836, 164, 1104),
(1838, 164, 1105),
(1839, 164, 1106),
(1840, 164, 1107),
(1843, 164, 1108),
(1845, 164, 1109),
(1848, 165, 227),
(1856, 166, 22),
(1852, 166, 151),
(1850, 166, 192),
(1861, 166, 889),
(1849, 166, 1110),
(1851, 166, 1111),
(1853, 166, 1112),
(1854, 166, 1113),
(1855, 166, 1114),
(1857, 166, 1115),
(1858, 166, 1116),
(1859, 166, 1117),
(1860, 166, 1118),
(1862, 166, 1119),
(1867, 167, 13),
(1882, 167, 22),
(1878, 167, 64),
(1876, 167, 84),
(1877, 167, 153),
(1870, 167, 165),
(1864, 167, 184),
(1868, 167, 218),
(1863, 167, 285),
(1873, 167, 289),
(1875, 167, 318),
(1884, 167, 328),
(1880, 167, 351),
(1879, 167, 395),
(1874, 167, 541),
(1881, 167, 630),
(1866, 167, 946),
(1865, 167, 1120),
(1869, 167, 1121),
(1871, 167, 1122),
(1872, 167, 1123),
(1883, 167, 1124),
(1885, 167, 1125),
(1893, 169, 170),
(1901, 169, 175),
(1890, 169, 624),
(1888, 169, 810),
(1896, 169, 819),
(1892, 169, 848),
(1886, 169, 1126),
(1887, 169, 1127),
(1889, 169, 1128),
(1891, 169, 1129),
(1894, 169, 1130),
(1895, 169, 1131),
(1897, 169, 1132),
(1898, 169, 1133),
(1899, 169, 1134),
(1900, 169, 1135),
(1909, 171, 41),
(1911, 171, 48),
(1915, 171, 50),
(1910, 171, 136),
(1912, 171, 171),
(1913, 171, 215),
(1903, 171, 260),
(1908, 171, 262),
(1902, 171, 268),
(1905, 171, 442),
(1914, 171, 449),
(1904, 171, 1136),
(1906, 171, 1137),
(1907, 171, 1138),
(1916, 171, 1139),
(1917, 171, 1140),
(1918, 171, 1141),
(1919, 171, 1142),
(1920, 171, 1143),
(1921, 172, 1144),
(1922, 172, 1145),
(1923, 172, 1146),
(1924, 172, 1147),
(1932, 173, 11),
(1928, 173, 15),
(1926, 173, 135),
(1933, 173, 213),
(1929, 173, 655),
(1925, 173, 947),
(1927, 173, 1148),
(1930, 173, 1149),
(1931, 173, 1150),
(1934, 173, 1151),
(1935, 173, 1152),
(1936, 173, 1153),
(1938, 175, 70),
(1940, 175, 141),
(1939, 175, 169),
(1937, 175, 1154),
(1941, 175, 1155),
(1942, 175, 1156),
(1943, 176, 13),
(1946, 176, 319),
(1949, 176, 598),
(1944, 176, 813),
(1945, 176, 1157),
(1947, 176, 1158),
(1948, 176, 1159),
(1950, 176, 1160),
(1951, 176, 1161),
(1958, 177, 15),
(1984, 177, 145),
(1977, 177, 155),
(1983, 177, 156),
(1953, 177, 184),
(1972, 177, 198),
(1975, 177, 321),
(1967, 177, 541),
(1969, 177, 563),
(1966, 177, 606),
(1986, 177, 614),
(1976, 177, 822),
(1952, 177, 1074),
(1962, 177, 1104),
(1955, 177, 1126),
(1954, 177, 1162),
(1956, 177, 1163),
(1957, 177, 1164),
(1959, 177, 1165),
(1960, 177, 1166),
(1961, 177, 1167),
(1963, 177, 1168),
(1964, 177, 1169),
(1965, 177, 1170),
(1968, 177, 1171),
(1970, 177, 1172),
(1971, 177, 1173),
(1973, 177, 1174),
(1974, 177, 1175),
(1978, 177, 1176),
(1979, 177, 1177),
(1980, 177, 1178),
(1981, 177, 1179),
(1982, 177, 1180),
(1985, 177, 1181),
(1987, 178, 1182),
(1988, 178, 1183),
(1989, 178, 1184),
(1990, 178, 1185),
(1991, 178, 1186),
(1992, 178, 1187),
(1993, 178, 1188),
(1994, 178, 1189),
(1995, 178, 1190),
(1996, 178, 1191),
(1999, 179, 6),
(2002, 179, 622),
(1998, 179, 652),
(1997, 179, 1192),
(2000, 179, 1193),
(2001, 179, 1194),
(2004, 180, 70),
(2007, 180, 136),
(2016, 180, 456),
(2003, 180, 532),
(2014, 180, 569),
(2015, 180, 656),
(2009, 180, 747),
(2018, 180, 1109),
(2012, 180, 1176),
(2005, 180, 1195),
(2006, 180, 1196),
(2008, 180, 1197),
(2010, 180, 1198),
(2011, 180, 1199),
(2013, 180, 1200),
(2017, 180, 1201),
(2020, 181, 658),
(2021, 181, 755),
(2019, 181, 1202),
(2025, 182, 30),
(2024, 182, 169),
(2026, 182, 170),
(2030, 182, 174),
(2022, 182, 505),
(2027, 182, 950),
(2028, 182, 951),
(2029, 182, 956),
(2023, 182, 1203),
(2031, 183, 17),
(2042, 183, 105),
(2032, 183, 137),
(2033, 183, 141),
(2039, 183, 156),
(2047, 183, 331),
(2045, 183, 501),
(2041, 183, 598),
(2046, 183, 755),
(2048, 183, 1014),
(2044, 183, 1109),
(2034, 183, 1204),
(2035, 183, 1205),
(2036, 183, 1206),
(2037, 183, 1207),
(2038, 183, 1208),
(2040, 183, 1209),
(2043, 183, 1210),
(2049, 184, 405),
(2050, 184, 407),
(2056, 185, 31),
(2052, 185, 109),
(2058, 185, 151),
(2061, 185, 278),
(2054, 185, 281),
(2062, 185, 331),
(2053, 185, 556),
(2055, 185, 761),
(2060, 185, 1015),
(2051, 185, 1211),
(2057, 185, 1212),
(2059, 185, 1213),
(2075, 186, 4),
(2067, 186, 13),
(2068, 186, 79),
(2073, 186, 80),
(2077, 186, 82),
(2064, 186, 185),
(2069, 186, 242),
(2079, 186, 251),
(2078, 186, 318),
(2063, 186, 505),
(2070, 186, 540),
(2081, 186, 744),
(2066, 186, 945),
(2065, 186, 1214),
(2071, 186, 1215),
(2072, 186, 1216),
(2074, 186, 1217),
(2076, 186, 1218),
(2080, 186, 1219),
(2082, 186, 1220),
(2083, 187, 227),
(2084, 187, 228),
(2085, 187, 1221),
(2086, 187, 1222),
(2087, 187, 1223),
(2089, 188, 13),
(2096, 188, 74),
(2095, 188, 282),
(2097, 188, 672),
(2088, 188, 1224),
(2090, 188, 1225),
(2091, 188, 1226),
(2092, 188, 1227),
(2093, 188, 1228),
(2094, 188, 1229),
(2099, 189, 123),
(2103, 189, 128),
(2098, 189, 269),
(2101, 189, 410),
(2104, 189, 1049),
(2100, 189, 1230),
(2102, 189, 1231),
(2105, 189, 1232),
(2106, 189, 1233),
(2112, 190, 10),
(2109, 190, 30),
(2110, 190, 84),
(2107, 190, 123),
(2111, 190, 128),
(2108, 190, 541),
(2113, 191, 836),
(2126, 192, 64),
(2123, 192, 198),
(2127, 192, 208),
(2117, 192, 290),
(2118, 192, 291),
(2114, 192, 531),
(2132, 192, 1118),
(2115, 192, 1234),
(2116, 192, 1235),
(2119, 192, 1236),
(2120, 192, 1237),
(2121, 192, 1238),
(2122, 192, 1239),
(2124, 192, 1240),
(2125, 192, 1241),
(2128, 192, 1242),
(2129, 192, 1243),
(2130, 192, 1244),
(2131, 192, 1245),
(2133, 192, 1246),
(2134, 194, 128),
(2135, 194, 512),
(2145, 195, 32),
(2144, 195, 41),
(2137, 195, 108),
(2146, 195, 170),
(2149, 195, 319),
(2150, 195, 387),
(2158, 195, 831),
(2141, 195, 848),
(2159, 195, 1088),
(2138, 195, 1126),
(2152, 195, 1132),
(2154, 195, 1133),
(2157, 195, 1135),
(2136, 195, 1247),
(2139, 195, 1248),
(2140, 195, 1249),
(2142, 195, 1250),
(2143, 195, 1251),
(2147, 195, 1252),
(2148, 195, 1253),
(2151, 195, 1254),
(2153, 195, 1255),
(2155, 195, 1256),
(2156, 195, 1257),
(2160, 195, 1258),
(2161, 196, 13),
(2162, 196, 41),
(2169, 197, 34),
(2165, 197, 41),
(2167, 197, 73),
(2180, 197, 146),
(2174, 197, 156),
(2163, 197, 232),
(2171, 197, 511),
(2178, 197, 842),
(2176, 197, 1151),
(2177, 197, 1233),
(2164, 197, 1259),
(2166, 197, 1260),
(2168, 197, 1261),
(2170, 197, 1262),
(2172, 197, 1263),
(2173, 197, 1264),
(2175, 197, 1265),
(2179, 197, 1266),
(2182, 198, 41),
(2188, 198, 44),
(2187, 198, 53),
(2186, 198, 696),
(2184, 198, 966),
(2189, 198, 1101),
(2181, 198, 1267),
(2183, 198, 1268),
(2185, 198, 1269),
(2190, 199, 867),
(2191, 199, 1270),
(2192, 199, 1271),
(2195, 200, 13),
(2209, 200, 145),
(2201, 200, 153),
(2196, 200, 169),
(2199, 200, 234),
(2193, 200, 285),
(2202, 200, 298),
(2206, 200, 303),
(2210, 200, 306),
(2211, 200, 307),
(2212, 200, 308),
(2207, 200, 658),
(2197, 200, 711),
(2198, 200, 712),
(2194, 200, 858),
(2205, 200, 1151),
(2200, 200, 1272),
(2203, 200, 1273),
(2204, 200, 1274),
(2208, 200, 1275);

-- --------------------------------------------------------

--
-- Struktura tabeli dla tabeli `movies_rating`
--

CREATE TABLE `movies_rating` (
  `id` bigint(20) NOT NULL,
  `score` int(11) NOT NULL,
  `comment` longtext NOT NULL,
  `timestamp` datetime(6) NOT NULL,
  `movie_id` bigint(20) NOT NULL,
  `user_id` int(11) NOT NULL
) ENGINE=InnoDB DEFAULT CHARSET=utf8mb4 COLLATE=utf8mb4_general_ci;

--
-- Dumping data for table `movies_rating`
--

INSERT INTO `movies_rating` (`id`, `score`, `comment`, `timestamp`, `movie_id`, `user_id`) VALUES
(1, 8, '', '2024-11-29 21:01:13.749696', 33, 1),
(2, 9, '', '2024-11-29 21:01:13.752705', 94, 1),
(3, 5, '', '2024-11-29 21:01:13.754669', 189, 1),
(4, 3, '', '2024-11-29 21:01:13.756753', 62, 1),
(5, 10, '', '2024-11-29 21:01:13.758746', 148, 1),
(6, 6, '', '2024-11-29 21:01:13.760663', 44, 1),
(7, 10, '', '2024-11-29 21:01:13.761663', 180, 1),
(8, 8, '', '2024-11-29 21:01:13.763662', 134, 1),
(9, 5, '', '2024-11-29 21:01:13.764745', 158, 1),
(10, 8, '', '2024-11-29 21:01:13.766695', 112, 1),
(11, 8, '', '2024-11-29 21:01:13.767711', 154, 1),
(12, 7, '', '2024-11-29 21:01:13.768663', 160, 1),
(13, 7, '', '2024-11-29 21:01:13.883663', 6, 2),
(14, 7, '', '2024-11-29 21:01:13.885704', 27, 2),
(15, 9, '', '2024-11-29 21:01:13.887700', 87, 2),
(16, 4, '', '2024-11-29 21:01:13.889676', 169, 2),
(17, 3, '', '2024-11-29 21:01:13.891701', 46, 2),
(18, 7, '', '2024-11-29 21:01:13.893664', 28, 2),
(19, 1, '', '2024-11-29 21:01:13.896702', 110, 2),
(20, 3, '', '2024-11-29 21:01:13.899744', 38, 2),
(21, 10, '', '2024-11-29 21:01:13.900686', 147, 2),
(22, 1, '', '2024-11-29 21:01:13.901701', 190, 2),
(23, 1, '', '2024-11-29 21:01:13.903744', 188, 2),
(24, 10, '', '2024-11-29 21:01:13.904663', 117, 2),
(25, 7, '', '2024-11-29 21:01:14.016696', 101, 3),
(26, 1, '', '2024-11-29 21:01:14.017661', 153, 3),
(27, 3, '', '2024-11-29 21:01:14.018727', 159, 3),
(28, 4, '', '2024-11-29 21:01:14.019696', 82, 3),
(29, 1, '', '2024-11-29 21:01:14.021727', 23, 3),
(30, 3, '', '2024-11-29 21:01:14.023699', 109, 3),
(31, 5, '', '2024-11-29 21:01:14.139691', 117, 4),
(32, 2, '', '2024-11-29 21:01:14.140661', 33, 4),
(33, 9, '', '2024-11-29 21:01:14.142702', 191, 4),
(34, 1, '', '2024-11-29 21:01:14.143660', 36, 4),
(35, 6, '', '2024-11-29 21:01:14.145659', 123, 4),
(36, 4, '', '2024-11-29 21:01:14.146694', 164, 4),
(37, 5, '', '2024-11-29 21:01:14.147662', 174, 4),
(38, 4, '', '2024-11-29 21:01:14.148660', 197, 4),
(39, 6, '', '2024-11-29 21:01:14.262660', 133, 5),
(40, 5, '', '2024-11-29 21:01:14.264692', 68, 5),
(41, 5, '', '2024-11-29 21:01:14.265659', 64, 5),
(42, 7, '', '2024-11-29 21:01:14.267742', 153, 5),
(43, 9, '', '2024-11-29 21:01:14.269659', 195, 5),
(44, 6, '', '2024-11-29 21:01:14.270692', 189, 5),
(45, 9, '', '2024-11-29 21:01:14.271659', 69, 5),
(46, 5, '', '2024-11-29 21:01:14.272697', 91, 5),
(47, 4, '', '2024-11-29 21:01:14.273659', 134, 5),
(48, 8, '', '2024-11-29 21:01:14.275659', 17, 5),
(49, 4, '', '2024-11-29 21:01:14.276680', 179, 5),
(50, 2, '', '2024-11-29 21:01:14.391659', 199, 6),
(51, 9, '', '2024-11-29 21:01:14.393699', 96, 6),
(52, 7, '', '2024-11-29 21:01:14.395711', 13, 6),
(53, 8, '', '2024-11-29 21:01:14.397584', 67, 6),
(54, 7, '', '2024-11-29 21:01:14.399598', 66, 6),
(55, 4, '', '2024-11-29 21:01:14.401596', 84, 6),
(56, 4, '', '2024-11-29 21:01:14.403706', 68, 6),
(57, 9, '', '2024-11-29 21:01:14.520627', 25, 7),
(58, 2, '', '2024-11-29 21:01:14.522668', 120, 7),
(59, 5, '', '2024-11-29 21:01:14.524611', 64, 7),
(60, 2, '', '2024-11-29 21:01:14.526604', 109, 7),
(61, 9, '', '2024-11-29 21:01:14.528596', 55, 7),
(62, 3, '', '2024-11-29 21:01:14.530596', 23, 7),
(63, 5, '', '2024-11-29 21:01:14.532618', 67, 7),
(64, 9, '', '2024-11-29 21:01:14.645597', 101, 8),
(65, 8, '', '2024-11-29 21:01:14.647834', 28, 8),
(66, 7, '', '2024-11-29 21:01:14.649834', 95, 8),
(67, 10, '', '2024-11-29 21:01:14.651750', 145, 8),
(68, 6, '', '2024-11-29 21:01:14.653762', 39, 8),
(69, 1, '', '2024-11-29 21:01:14.655762', 171, 8),
(70, 4, '', '2024-11-29 21:01:14.656759', 166, 8),
(71, 2, '', '2024-11-29 21:01:14.657758', 14, 8),
(72, 3, '', '2024-11-29 21:01:14.659759', 111, 8),
(73, 3, '', '2024-11-29 21:01:14.660839', 6, 8),
(74, 7, '', '2024-11-29 21:01:14.779759', 4, 9),
(75, 3, '', '2024-11-29 21:01:14.780758', 124, 9),
(76, 4, '', '2024-11-29 21:01:14.781760', 183, 9),
(77, 6, '', '2024-11-29 21:01:14.782760', 160, 9),
(78, 4, '', '2024-11-29 21:01:14.784759', 154, 9),
(79, 3, '', '2024-11-29 21:01:14.899759', 53, 10),
(80, 7, '', '2024-11-29 21:01:14.900798', 5, 10),
(81, 7, '', '2024-11-29 21:01:14.901809', 60, 10),
(82, 4, '', '2024-11-29 21:01:14.902760', 55, 10),
(83, 10, '', '2024-11-29 21:01:14.903760', 131, 10),
(84, 4, '', '2024-11-29 21:01:14.904759', 105, 10),
(85, 8, '', '2024-11-29 21:01:14.907784', 125, 10),
(86, 3, '', '2024-11-29 21:01:14.909759', 159, 10),
(87, 5, '', '2024-11-29 21:01:14.910759', 183, 10),
(88, 6, '', '2024-11-29 21:01:14.911759', 98, 10),
(89, 10, '', '2024-11-29 21:01:14.912759', 40, 10),
(90, 3, '', '2024-11-29 21:01:15.027759', 49, 11),
(91, 6, '', '2024-11-29 21:01:15.029762', 147, 11),
(92, 6, '', '2024-11-29 21:01:15.031304', 55, 11),
(93, 6, '', '2024-11-29 21:01:15.033159', 81, 11),
(94, 4, '', '2024-11-29 21:01:15.034678', 181, 11),
(95, 5, '', '2024-11-29 21:01:15.036688', 5, 11),
(96, 8, '', '2024-11-29 21:01:15.148686', 162, 12),
(97, 6, '', '2024-11-29 21:01:15.149720', 68, 12),
(98, 10, '', '2024-11-29 21:01:15.151754', 45, 12),
(99, 5, '', '2024-11-29 21:01:15.152723', 24, 12),
(100, 6, '', '2024-11-29 21:01:15.153758', 18, 12),
(101, 2, '', '2024-11-29 21:01:15.263719', 178, 13),
(102, 5, '', '2024-11-29 21:01:15.264686', 63, 13),
(103, 2, '', '2024-11-29 21:01:15.265687', 181, 13),
(104, 6, '', '2024-11-29 21:01:15.266686', 172, 13),
(105, 7, '', '2024-11-29 21:01:15.267719', 80, 13),
(106, 5, '', '2024-11-29 21:01:15.269756', 85, 13),
(107, 1, '', '2024-11-29 21:01:15.270688', 164, 13),
(108, 3, '', '2024-11-29 21:01:15.387732', 33, 14),
(109, 3, '', '2024-11-29 21:01:15.389728', 34, 14),
(110, 9, '', '2024-11-29 21:01:15.390687', 32, 14),
(111, 1, '', '2024-11-29 21:01:15.392722', 64, 14),
(112, 3, '', '2024-11-29 21:01:15.393687', 1, 14),
(113, 8, '', '2024-11-29 21:01:15.394687', 10, 14),
(114, 3, '', '2024-11-29 21:01:15.395688', 185, 14),
(115, 5, '', '2024-11-29 21:01:15.397688', 35, 14),
(116, 3, '', '2024-11-29 21:01:15.398728', 13, 14),
(117, 1, '', '2024-11-29 21:01:15.513722', 68, 15),
(118, 4, '', '2024-11-29 21:01:15.514687', 104, 15),
(119, 9, '', '2024-11-29 21:01:15.515687', 185, 15),
(120, 4, '', '2024-11-29 21:01:15.516720', 199, 15),
(121, 1, '', '2024-11-29 21:01:15.517758', 200, 15),
(122, 7, '', '2024-11-29 21:01:15.519687', 45, 15),
(123, 4, '', '2024-11-29 21:01:15.635687', 120, 16),
(124, 6, '', '2024-11-29 21:01:15.637690', 103, 16),
(125, 7, '', '2024-11-29 21:01:15.639498', 119, 16),
(126, 2, '', '2024-11-29 21:01:15.641501', 141, 16),
(127, 4, '', '2024-11-29 21:01:15.642908', 189, 16),
(128, 4, '', '2024-11-29 21:01:15.644744', 169, 16),
(129, 5, '', '2024-11-29 21:01:15.645741', 84, 16),
(130, 6, '', '2024-11-29 21:01:15.647428', 74, 16),
(131, 10, '', '2024-11-29 21:01:15.764471', 9, 17),
(132, 5, '', '2024-11-29 21:01:15.765533', 119, 17),
(133, 6, '', '2024-11-29 21:01:15.767437', 109, 17),
(134, 3, '', '2024-11-29 21:01:15.768512', 40, 17),
(135, 8, '', '2024-11-29 21:01:15.770471', 117, 17),
(136, 9, '', '2024-11-29 21:01:15.771517', 154, 17),
(137, 8, '', '2024-11-29 21:01:15.772519', 132, 17),
(138, 8, '', '2024-11-29 21:01:15.773597', 142, 17),
(139, 6, '', '2024-11-29 21:01:15.888470', 129, 18),
(140, 9, '', '2024-11-29 21:01:15.889511', 21, 18),
(141, 8, '', '2024-11-29 21:01:15.891439', 135, 18),
(142, 3, '', '2024-11-29 21:01:15.892438', 170, 18),
(143, 1, '', '2024-11-29 21:01:15.894438', 47, 18),
(144, 3, '', '2024-11-29 21:01:15.896473', 97, 18),
(145, 8, '', '2024-11-29 21:01:15.897438', 140, 18),
(146, 3, '', '2024-11-29 21:01:15.899464', 11, 18),
(147, 8, '', '2024-11-29 21:01:15.901473', 92, 18),
(148, 5, '', '2024-11-29 21:01:15.902438', 77, 18),
(149, 6, '', '2024-11-29 21:01:15.904439', 141, 18),
(150, 3, '', '2024-11-29 21:01:15.906477', 139, 18),
(151, 5, '', '2024-11-29 21:01:15.907526', 56, 18),
(152, 6, '', '2024-11-29 21:01:16.023436', 155, 19),
(153, 7, '', '2024-11-29 21:01:16.026436', 59, 19),
(154, 3, '', '2024-11-29 21:01:16.027512', 170, 19),
(155, 9, '', '2024-11-29 21:01:16.029436', 81, 19),
(156, 1, '', '2024-11-29 21:01:16.030443', 157, 19),
(157, 6, '', '2024-11-29 21:01:16.031446', 43, 19),
(158, 5, '', '2024-11-29 21:01:16.032436', 105, 19),
(159, 7, '', '2024-11-29 21:01:16.033436', 120, 19),
(160, 8, '', '2024-11-29 21:01:16.034436', 197, 19),
(161, 7, '', '2024-11-29 21:01:16.035437', 125, 19),
(162, 3, '', '2024-11-29 21:01:16.036437', 139, 19),
(163, 4, '', '2024-11-29 21:01:16.037436', 71, 19),
(164, 6, '', '2024-11-29 21:01:16.038436', 198, 19),
(165, 10, '', '2024-11-29 21:01:16.040436', 97, 19),
(166, 6, '', '2024-11-29 21:01:16.041436', 128, 19),
(167, 3, '', '2024-11-29 21:01:16.156471', 22, 20),
(168, 3, '', '2024-11-29 21:01:16.158441', 97, 20),
(169, 3, '', '2024-11-29 21:01:16.160477', 48, 20),
(170, 8, '', '2024-11-29 21:01:16.161438', 154, 20),
(171, 6, '', '2024-11-29 21:01:16.163439', 85, 20),
(172, 10, '', '2024-11-29 21:03:03.528440', 99, 21),
(173, 10, '', '2024-11-29 21:03:03.553457', 200, 21),
(174, 10, '', '2024-11-29 21:03:03.579473', 123, 21),
(175, 10, '', '2024-11-29 21:03:03.599436', 61, 21),
(176, 10, '', '2024-11-29 21:03:03.620450', 167, 21),
(177, 8, 'Całkiem dobry', '2024-11-29 21:04:30.677593', 153, 22),
(178, 10, 'Doskonały', '2024-11-29 21:04:30.695068', 30, 22),
(179, 9, '', '2024-11-29 21:04:30.712071', 195, 22),
(180, 9, '', '2024-11-29 21:04:30.728069', 146, 22),
(181, 9, 'Super!', '2024-11-29 21:04:30.745927', 1, 22),
(182, 9, '', '2024-11-29 21:25:21.384988', 40, 22),
(183, 9, '', '2024-11-29 21:25:21.404983', 69, 22),
(184, 9, '', '2024-11-29 21:25:21.424983', 34, 22),
(185, 9, '', '2024-11-29 21:25:21.445573', 17, 22),
(186, 9, '', '2024-11-29 21:25:21.466557', 169, 22),
(187, 9, '', '2024-11-29 21:41:49.575019', 149, 21),
(188, 9, '', '2024-11-29 21:41:49.603022', 66, 21),
(189, 9, '', '2024-11-29 21:41:49.630075', 158, 21),
(190, 9, '', '2024-11-29 21:41:49.656050', 7, 21),
(191, 9, '', '2024-11-29 21:41:49.684064', 63, 21);

-- --------------------------------------------------------

--
-- Struktura tabeli dla tabeli `movies_recommendationfeedback`
--

CREATE TABLE `movies_recommendationfeedback` (
  `id` bigint(20) NOT NULL,
  `recommendation` longtext CHARACTER SET utf8mb4 COLLATE utf8mb4_bin NOT NULL CHECK (json_valid(`recommendation`)),
  `score` int(11) NOT NULL,
  `timestamp` datetime(6) NOT NULL,
  `user_id` int(11) DEFAULT NULL
) ENGINE=InnoDB DEFAULT CHARSET=utf8mb4 COLLATE=utf8mb4_general_ci;

--
-- Dumping data for table `movies_recommendationfeedback`
--

INSERT INTO `movies_recommendationfeedback` (`id`, `recommendation`, `score`, `timestamp`, `user_id`) VALUES
(1, '[99, 200, 123, 61, 167]', 10, '2024-11-29 21:03:03.508357', NULL),
(2, '[153, 30, 195, 146, 1]', 9, '2024-11-29 21:04:30.669556', 22),
(3, '[40, 69, 34, 17, 169]', 9, '2024-11-29 21:25:21.367467', 22),
(4, '[40, 69, 34, 17, 169]', 9, '2024-11-29 21:25:21.887207', 22),
(5, '[149, 66, 158, 7, 63]', 9, '2024-11-29 21:41:49.555357', NULL);

--
-- Indeksy dla zrzutów tabel
--

--
-- Indeksy dla tabeli `auth_group`
--
ALTER TABLE `auth_group`
  ADD PRIMARY KEY (`id`),
  ADD UNIQUE KEY `name` (`name`);

--
-- Indeksy dla tabeli `auth_group_permissions`
--
ALTER TABLE `auth_group_permissions`
  ADD PRIMARY KEY (`id`),
  ADD UNIQUE KEY `auth_group_permissions_group_id_permission_id_0cd325b0_uniq` (`group_id`,`permission_id`),
  ADD KEY `auth_group_permissio_permission_id_84c5c92e_fk_auth_perm` (`permission_id`);

--
-- Indeksy dla tabeli `auth_permission`
--
ALTER TABLE `auth_permission`
  ADD PRIMARY KEY (`id`),
  ADD UNIQUE KEY `auth_permission_content_type_id_codename_01ab375a_uniq` (`content_type_id`,`codename`);

--
-- Indeksy dla tabeli `auth_user`
--
ALTER TABLE `auth_user`
  ADD PRIMARY KEY (`id`),
  ADD UNIQUE KEY `username` (`username`);

--
-- Indeksy dla tabeli `auth_user_groups`
--
ALTER TABLE `auth_user_groups`
  ADD PRIMARY KEY (`id`),
  ADD UNIQUE KEY `auth_user_groups_user_id_group_id_94350c0c_uniq` (`user_id`,`group_id`),
  ADD KEY `auth_user_groups_group_id_97559544_fk_auth_group_id` (`group_id`);

--
-- Indeksy dla tabeli `auth_user_user_permissions`
--
ALTER TABLE `auth_user_user_permissions`
  ADD PRIMARY KEY (`id`),
  ADD UNIQUE KEY `auth_user_user_permissions_user_id_permission_id_14a6b632_uniq` (`user_id`,`permission_id`),
  ADD KEY `auth_user_user_permi_permission_id_1fbb5f2c_fk_auth_perm` (`permission_id`);

--
-- Indeksy dla tabeli `django_admin_log`
--
ALTER TABLE `django_admin_log`
  ADD PRIMARY KEY (`id`),
  ADD KEY `django_admin_log_content_type_id_c4bce8eb_fk_django_co` (`content_type_id`),
  ADD KEY `django_admin_log_user_id_c564eba6_fk_auth_user_id` (`user_id`);

--
-- Indeksy dla tabeli `django_content_type`
--
ALTER TABLE `django_content_type`
  ADD PRIMARY KEY (`id`),
  ADD UNIQUE KEY `django_content_type_app_label_model_76bd3d3b_uniq` (`app_label`,`model`);

--
-- Indeksy dla tabeli `django_migrations`
--
ALTER TABLE `django_migrations`
  ADD PRIMARY KEY (`id`);

--
-- Indeksy dla tabeli `django_session`
--
ALTER TABLE `django_session`
  ADD PRIMARY KEY (`session_key`),
  ADD KEY `django_session_expire_date_a5c62663` (`expire_date`);

--
-- Indeksy dla tabeli `movies_castmember`
--
ALTER TABLE `movies_castmember`
  ADD PRIMARY KEY (`id`);

--
-- Indeksy dla tabeli `movies_director`
--
ALTER TABLE `movies_director`
  ADD PRIMARY KEY (`id`);

--
-- Indeksy dla tabeli `movies_favoritemovie`
--
ALTER TABLE `movies_favoritemovie`
  ADD PRIMARY KEY (`id`),
  ADD KEY `movies_favoritemovie_movie_id_abfa926b_fk_movies_movie_id` (`movie_id`),
  ADD KEY `movies_favoritemovie_user_id_a43bab59_fk_auth_user_id` (`user_id`);

--
-- Indeksy dla tabeli `movies_genre`
--
ALTER TABLE `movies_genre`
  ADD PRIMARY KEY (`id`),
  ADD UNIQUE KEY `unique_name` (`name`);

--
-- Indeksy dla tabeli `movies_keyword`
--
ALTER TABLE `movies_keyword`
  ADD PRIMARY KEY (`id`),
  ADD UNIQUE KEY `unique_name` (`name`);

--
-- Indeksy dla tabeli `movies_movie`
--
ALTER TABLE `movies_movie`
  ADD PRIMARY KEY (`id`);

--
-- Indeksy dla tabeli `movies_movie_cast`
--
ALTER TABLE `movies_movie_cast`
  ADD PRIMARY KEY (`id`),
  ADD UNIQUE KEY `movies_movie_cast_movie_id_castmember_id_017bce87_uniq` (`movie_id`,`castmember_id`),
  ADD KEY `movies_movie_cast_castmember_id_ca75f780_fk_movies_castmember_id` (`castmember_id`);

--
-- Indeksy dla tabeli `movies_movie_directors`
--
ALTER TABLE `movies_movie_directors`
  ADD PRIMARY KEY (`id`),
  ADD UNIQUE KEY `movies_movie_directors_movie_id_director_id_eb887327_uniq` (`movie_id`,`director_id`),
  ADD KEY `movies_movie_directo_director_id_9cddcb44_fk_movies_di` (`director_id`);

--
-- Indeksy dla tabeli `movies_movie_genres`
--
ALTER TABLE `movies_movie_genres`
  ADD PRIMARY KEY (`id`),
  ADD UNIQUE KEY `movies_movie_genres_movie_id_genre_id_5ff3c723_uniq` (`movie_id`,`genre_id`),
  ADD KEY `movies_movie_genres_genre_id_c3609db2_fk_movies_genre_id` (`genre_id`);

--
-- Indeksy dla tabeli `movies_movie_keywords`
--
ALTER TABLE `movies_movie_keywords`
  ADD PRIMARY KEY (`id`),
  ADD UNIQUE KEY `movies_movie_keywords_movie_id_keyword_id_4ecf4efb_uniq` (`movie_id`,`keyword_id`),
  ADD KEY `movies_movie_keywords_keyword_id_a7e7b97e_fk_movies_keyword_id` (`keyword_id`);

--
-- Indeksy dla tabeli `movies_rating`
--
ALTER TABLE `movies_rating`
  ADD PRIMARY KEY (`id`),
  ADD KEY `movies_rating_movie_id_697b1621_fk_movies_movie_id` (`movie_id`),
  ADD KEY `movies_rating_user_id_30a94f7b_fk_auth_user_id` (`user_id`);

--
-- Indeksy dla tabeli `movies_recommendationfeedback`
--
ALTER TABLE `movies_recommendationfeedback`
  ADD PRIMARY KEY (`id`),
  ADD KEY `movies_recommendationfeedback_user_id_1f0f7a62_fk_auth_user_id` (`user_id`);

--
-- AUTO_INCREMENT for dumped tables
--

--
-- AUTO_INCREMENT for table `auth_group`
--
ALTER TABLE `auth_group`
  MODIFY `id` int(11) NOT NULL AUTO_INCREMENT;

--
-- AUTO_INCREMENT for table `auth_group_permissions`
--
ALTER TABLE `auth_group_permissions`
  MODIFY `id` bigint(20) NOT NULL AUTO_INCREMENT;

--
-- AUTO_INCREMENT for table `auth_permission`
--
ALTER TABLE `auth_permission`
  MODIFY `id` int(11) NOT NULL AUTO_INCREMENT, AUTO_INCREMENT=57;

--
-- AUTO_INCREMENT for table `auth_user`
--
ALTER TABLE `auth_user`
  MODIFY `id` int(11) NOT NULL AUTO_INCREMENT, AUTO_INCREMENT=23;

--
-- AUTO_INCREMENT for table `auth_user_groups`
--
ALTER TABLE `auth_user_groups`
  MODIFY `id` bigint(20) NOT NULL AUTO_INCREMENT;

--
-- AUTO_INCREMENT for table `auth_user_user_permissions`
--
ALTER TABLE `auth_user_user_permissions`
  MODIFY `id` bigint(20) NOT NULL AUTO_INCREMENT;

--
-- AUTO_INCREMENT for table `django_admin_log`
--
ALTER TABLE `django_admin_log`
  MODIFY `id` int(11) NOT NULL AUTO_INCREMENT;

--
-- AUTO_INCREMENT for table `django_content_type`
--
ALTER TABLE `django_content_type`
  MODIFY `id` int(11) NOT NULL AUTO_INCREMENT, AUTO_INCREMENT=15;

--
-- AUTO_INCREMENT for table `django_migrations`
--
ALTER TABLE `django_migrations`
  MODIFY `id` bigint(20) NOT NULL AUTO_INCREMENT, AUTO_INCREMENT=23;

--
-- AUTO_INCREMENT for table `movies_castmember`
--
ALTER TABLE `movies_castmember`
  MODIFY `id` bigint(20) NOT NULL AUTO_INCREMENT, AUTO_INCREMENT=852;

--
-- AUTO_INCREMENT for table `movies_director`
--
ALTER TABLE `movies_director`
  MODIFY `id` bigint(20) NOT NULL AUTO_INCREMENT, AUTO_INCREMENT=201;

--
-- AUTO_INCREMENT for table `movies_favoritemovie`
--
ALTER TABLE `movies_favoritemovie`
  MODIFY `id` bigint(20) NOT NULL AUTO_INCREMENT, AUTO_INCREMENT=5;

--
-- AUTO_INCREMENT for table `movies_genre`
--
ALTER TABLE `movies_genre`
  MODIFY `id` bigint(20) NOT NULL AUTO_INCREMENT, AUTO_INCREMENT=19;

--
-- AUTO_INCREMENT for table `movies_keyword`
--
ALTER TABLE `movies_keyword`
  MODIFY `id` bigint(20) NOT NULL AUTO_INCREMENT, AUTO_INCREMENT=1276;

--
-- AUTO_INCREMENT for table `movies_movie`
--
ALTER TABLE `movies_movie`
  MODIFY `id` bigint(20) NOT NULL AUTO_INCREMENT, AUTO_INCREMENT=201;

--
-- AUTO_INCREMENT for table `movies_movie_cast`
--
ALTER TABLE `movies_movie_cast`
  MODIFY `id` bigint(20) NOT NULL AUTO_INCREMENT, AUTO_INCREMENT=1222;

--
-- AUTO_INCREMENT for table `movies_movie_directors`
--
ALTER TABLE `movies_movie_directors`
  MODIFY `id` bigint(20) NOT NULL AUTO_INCREMENT, AUTO_INCREMENT=340;

--
-- AUTO_INCREMENT for table `movies_movie_genres`
--
ALTER TABLE `movies_movie_genres`
  MODIFY `id` bigint(20) NOT NULL AUTO_INCREMENT, AUTO_INCREMENT=909;

--
-- AUTO_INCREMENT for table `movies_movie_keywords`
--
ALTER TABLE `movies_movie_keywords`
  MODIFY `id` bigint(20) NOT NULL AUTO_INCREMENT, AUTO_INCREMENT=2213;

--
-- AUTO_INCREMENT for table `movies_rating`
--
ALTER TABLE `movies_rating`
  MODIFY `id` bigint(20) NOT NULL AUTO_INCREMENT, AUTO_INCREMENT=192;

--
-- AUTO_INCREMENT for table `movies_recommendationfeedback`
--
ALTER TABLE `movies_recommendationfeedback`
  MODIFY `id` bigint(20) NOT NULL AUTO_INCREMENT, AUTO_INCREMENT=6;

--
-- Constraints for dumped tables
--

--
-- Constraints for table `auth_group_permissions`
--
ALTER TABLE `auth_group_permissions`
  ADD CONSTRAINT `auth_group_permissio_permission_id_84c5c92e_fk_auth_perm` FOREIGN KEY (`permission_id`) REFERENCES `auth_permission` (`id`),
  ADD CONSTRAINT `auth_group_permissions_group_id_b120cbf9_fk_auth_group_id` FOREIGN KEY (`group_id`) REFERENCES `auth_group` (`id`);

--
-- Constraints for table `auth_permission`
--
ALTER TABLE `auth_permission`
  ADD CONSTRAINT `auth_permission_content_type_id_2f476e4b_fk_django_co` FOREIGN KEY (`content_type_id`) REFERENCES `django_content_type` (`id`);

--
-- Constraints for table `auth_user_groups`
--
ALTER TABLE `auth_user_groups`
  ADD CONSTRAINT `auth_user_groups_group_id_97559544_fk_auth_group_id` FOREIGN KEY (`group_id`) REFERENCES `auth_group` (`id`),
  ADD CONSTRAINT `auth_user_groups_user_id_6a12ed8b_fk_auth_user_id` FOREIGN KEY (`user_id`) REFERENCES `auth_user` (`id`);

--
-- Constraints for table `auth_user_user_permissions`
--
ALTER TABLE `auth_user_user_permissions`
  ADD CONSTRAINT `auth_user_user_permi_permission_id_1fbb5f2c_fk_auth_perm` FOREIGN KEY (`permission_id`) REFERENCES `auth_permission` (`id`),
  ADD CONSTRAINT `auth_user_user_permissions_user_id_a95ead1b_fk_auth_user_id` FOREIGN KEY (`user_id`) REFERENCES `auth_user` (`id`);

--
-- Constraints for table `django_admin_log`
--
ALTER TABLE `django_admin_log`
  ADD CONSTRAINT `django_admin_log_content_type_id_c4bce8eb_fk_django_co` FOREIGN KEY (`content_type_id`) REFERENCES `django_content_type` (`id`),
  ADD CONSTRAINT `django_admin_log_user_id_c564eba6_fk_auth_user_id` FOREIGN KEY (`user_id`) REFERENCES `auth_user` (`id`);

--
-- Constraints for table `movies_favoritemovie`
--
ALTER TABLE `movies_favoritemovie`
  ADD CONSTRAINT `movies_favoritemovie_movie_id_abfa926b_fk_movies_movie_id` FOREIGN KEY (`movie_id`) REFERENCES `movies_movie` (`id`),
  ADD CONSTRAINT `movies_favoritemovie_user_id_a43bab59_fk_auth_user_id` FOREIGN KEY (`user_id`) REFERENCES `auth_user` (`id`);

--
-- Constraints for table `movies_movie_cast`
--
ALTER TABLE `movies_movie_cast`
  ADD CONSTRAINT `movies_movie_cast_castmember_id_ca75f780_fk_movies_castmember_id` FOREIGN KEY (`castmember_id`) REFERENCES `movies_castmember` (`id`),
  ADD CONSTRAINT `movies_movie_cast_movie_id_5d4ec172_fk_movies_movie_id` FOREIGN KEY (`movie_id`) REFERENCES `movies_movie` (`id`);

--
-- Constraints for table `movies_movie_directors`
--
ALTER TABLE `movies_movie_directors`
  ADD CONSTRAINT `movies_movie_directo_director_id_9cddcb44_fk_movies_di` FOREIGN KEY (`director_id`) REFERENCES `movies_director` (`id`),
  ADD CONSTRAINT `movies_movie_directors_movie_id_7f54bd58_fk_movies_movie_id` FOREIGN KEY (`movie_id`) REFERENCES `movies_movie` (`id`);

--
-- Constraints for table `movies_movie_genres`
--
ALTER TABLE `movies_movie_genres`
  ADD CONSTRAINT `movies_movie_genres_genre_id_c3609db2_fk_movies_genre_id` FOREIGN KEY (`genre_id`) REFERENCES `movies_genre` (`id`),
  ADD CONSTRAINT `movies_movie_genres_movie_id_ff5e55a1_fk_movies_movie_id` FOREIGN KEY (`movie_id`) REFERENCES `movies_movie` (`id`);

--
-- Constraints for table `movies_movie_keywords`
--
ALTER TABLE `movies_movie_keywords`
  ADD CONSTRAINT `movies_movie_keywords_keyword_id_a7e7b97e_fk_movies_keyword_id` FOREIGN KEY (`keyword_id`) REFERENCES `movies_keyword` (`id`),
  ADD CONSTRAINT `movies_movie_keywords_movie_id_a190a1af_fk_movies_movie_id` FOREIGN KEY (`movie_id`) REFERENCES `movies_movie` (`id`);

--
-- Constraints for table `movies_rating`
--
ALTER TABLE `movies_rating`
  ADD CONSTRAINT `movies_rating_movie_id_697b1621_fk_movies_movie_id` FOREIGN KEY (`movie_id`) REFERENCES `movies_movie` (`id`),
  ADD CONSTRAINT `movies_rating_user_id_30a94f7b_fk_auth_user_id` FOREIGN KEY (`user_id`) REFERENCES `auth_user` (`id`);

--
-- Constraints for table `movies_recommendationfeedback`
--
ALTER TABLE `movies_recommendationfeedback`
  ADD CONSTRAINT `movies_recommendationfeedback_user_id_1f0f7a62_fk_auth_user_id` FOREIGN KEY (`user_id`) REFERENCES `auth_user` (`id`);
COMMIT;

/*!40101 SET CHARACTER_SET_CLIENT=@OLD_CHARACTER_SET_CLIENT */;
/*!40101 SET CHARACTER_SET_RESULTS=@OLD_CHARACTER_SET_RESULTS */;
/*!40101 SET COLLATION_CONNECTION=@OLD_COLLATION_CONNECTION */;
